level,user,password,team,province,date
4,TEST-WendyRobertson,TEST-TEST-WendyRobertson,TEST-Ottawa 67's,BC,2022-02-21
6,TEST-NicoleSherwood,TEST-TEST-NicoleSherwood,TEST-Ottawa 67's,BC,2022-02-19
5,TEST-EduardoBrooks,TEST-TEST-EduardoBrooks,TEST-Owen Sound Attack,NS,2022-01-15
9,TEST-MadisonCoates,TEST-TEST-MadisonCoates,TEST-Ottawa 67's,BC,2022-02-10
5,TEST-LailaIngham,TEST-TEST-LailaIngham,TEST-Mississauga Steelheads,MB,2022-01-10
6,TEST-DianeBroomfield,TEST-TEST-DianeBroomfield,TEST-Oshawa Generals,AB,2022-01-02
2,TEST-JaneSimpson,TEST-TEST-JaneSimpson,TEST-Sudbury Wolves,NB,2022-01-08
7,TEST-ZoeWebster,TEST-TEST-ZoeWebster,TEST-Oshawa Generals,AB,2022-01-01
6,TEST-CaraBriggs,TEST-TEST-CaraBriggs,TEST-Niagara IceDogs,QC,2022-01-27
8,TEST-JaniceTyrrell,TEST-TEST-JaniceTyrrell,TEST-Sault Ste. Marie Greyhounds,SK,2022-02-03
3,TEST-CatherinePurvis,TEST-TEST-CatherinePurvis,TEST-Oshawa Generals,AB,2022-02-01
7,TEST-EduardoYoung,TEST-TEST-EduardoYoung,TEST-Oshawa Generals,AB,2022-02-04
6,TEST-TomCameron,TEST-TEST-TomCameron,TEST-Barrie Colts,ON,2022-01-19
4,TEST-CynthiaBennett,TEST-TEST-CynthiaBennett,TEST-London Knights,NL,2022-02-25
7,TEST-EmelyReynolds,TEST-TEST-EmelyReynolds,TEST-Kingston Frontenacs,PE,2022-01-27
2,TEST-DennySanchez,TEST-TEST-DennySanchez,TEST-Ottawa 67's,BC,2022-01-13
4,TEST-FaithSanchez,TEST-TEST-FaithSanchez,TEST-Niagara IceDogs,QC,2022-01-16
8,TEST-RyanEvans,TEST-TEST-RyanEvans,TEST-North Bay Battalion,NT,2022-02-11
4,TEST-JazminDubois,TEST-TEST-JazminDubois,TEST-Sudbury Wolves,NB,2022-02-03
10,TEST-PhillipTanner,TEST-TEST-PhillipTanner,TEST-Guelph Storm,NU,2022-01-11
4,TEST-NateOwens,TEST-TEST-NateOwens,TEST-Owen Sound Attack,NS,2022-02-11
3,TEST-BryonCobb,TEST-TEST-BryonCobb,TEST-Ottawa 67's,BC,2022-01-17
10,TEST-JackPoulton,TEST-TEST-JackPoulton,TEST-Peterborough Petes,YT,2022-02-06
10,TEST-BreeRamsey,TEST-TEST-BreeRamsey,TEST-Niagara IceDogs,QC,2022-02-10
7,TEST-MeganLyon,TEST-TEST-MeganLyon,TEST-Barrie Colts,ON,2022-02-02
7,TEST-ChristineClifford,TEST-TEST-ChristineClifford,TEST-Peterborough Petes,YT,2022-01-22
3,TEST-VivianZaoui,TEST-TEST-VivianZaoui,TEST-Oshawa Generals,AB,2022-02-25
10,TEST-BlakeMorley,TEST-TEST-BlakeMorley,TEST-Peterborough Petes,YT,2022-02-26
7,TEST-JoshHarrison,TEST-TEST-JoshHarrison,TEST-Mississauga Steelheads,MB,2022-01-23
2,TEST-GeorgeTorres,TEST-TEST-GeorgeTorres,TEST-Peterborough Petes,YT,2022-03-02
4,TEST-ShelbyGraham,TEST-TEST-ShelbyGraham,TEST-Sudbury Wolves,NB,2022-02-22
10,TEST-MaraUpton,TEST-TEST-MaraUpton,TEST-Kingston Frontenacs,PE,2022-01-29
4,TEST-WadeGrant,TEST-TEST-WadeGrant,TEST-Hamilton Bulldogs,BC,2022-02-20
10,TEST-MarlaJacobs,TEST-TEST-MarlaJacobs,TEST-London Knights,NL,2022-01-11
4,TEST-GilAtkinson,TEST-TEST-GilAtkinson,TEST-Ottawa 67's,BC,2022-02-11
2,TEST-AndieHiggs,TEST-TEST-AndieHiggs,TEST-London Knights,NL,2022-02-28
5,TEST-AlexanderHolt,TEST-TEST-AlexanderHolt,TEST-Barrie Colts,ON,2022-01-11
1,TEST-DianeMatthews,TEST-TEST-DianeMatthews,TEST-North Bay Battalion,NT,2022-01-03
8,TEST-HankMorley,TEST-TEST-HankMorley,TEST-Kitchener Rangers,NS,2022-01-10
3,TEST-JennaShields,TEST-TEST-JennaShields,TEST-Hamilton Bulldogs,BC,2022-01-25
2,TEST-AlisonWoodley,TEST-TEST-AlisonWoodley,TEST-Barrie Colts,ON,2022-03-03
1,TEST-EthanJefferson,TEST-TEST-EthanJefferson,TEST-Oshawa Generals,AB,2022-02-25
7,TEST-DomenicSimpson,TEST-TEST-DomenicSimpson,TEST-Sarnia Sting,MB,2022-01-21
7,TEST-LeroyButler,TEST-TEST-LeroyButler,TEST-Sudbury Wolves,NB,2022-02-11
10,TEST-CarlRivers,TEST-TEST-CarlRivers,TEST-Guelph Storm,NU,2022-02-13
5,TEST-HarveyCasey,TEST-TEST-HarveyCasey,TEST-Sault Ste. Marie Greyhounds,SK,2022-02-16
6,TEST-RosiePoole,TEST-TEST-RosiePoole,TEST-Sarnia Sting,MB,2022-01-01
1,TEST-JackUpsdell,TEST-TEST-JackUpsdell,TEST-London Knights,NL,2022-02-01
5,TEST-AbdulSeymour,TEST-TEST-AbdulSeymour,TEST-Ottawa 67's,BC,2022-01-17
6,TEST-LivAndersson,TEST-TEST-LivAndersson,TEST-Sarnia Sting,MB,2022-01-02
5,TEST-VeraZaoui,TEST-TEST-VeraZaoui,TEST-Oshawa Generals,AB,2022-01-20
7,TEST-PenelopeStevens,TEST-TEST-PenelopeStevens,TEST-Guelph Storm,NU,2022-03-03
8,TEST-CarmellaCowan,TEST-TEST-CarmellaCowan,TEST-Ottawa 67's,BC,2022-02-03
2,TEST-EdenKent,TEST-TEST-EdenKent,TEST-Kitchener Rangers,NS,2022-02-22
6,TEST-LeroyBeal,TEST-TEST-LeroyBeal,TEST-Hamilton Bulldogs,BC,2022-01-29
8,TEST-RoccoSantos,TEST-TEST-RoccoSantos,TEST-Ottawa 67's,BC,2022-01-11
6,TEST-AlessandraBrock,TEST-TEST-AlessandraBrock,TEST-Kingston Frontenacs,PE,2022-01-13
10,TEST-AdelaDickson,TEST-TEST-AdelaDickson,TEST-Oshawa Generals,AB,2022-01-05
1,TEST-RyanHopkinson,TEST-TEST-RyanHopkinson,TEST-North Bay Battalion,NT,2022-01-28
6,TEST-BlakeGunn,TEST-TEST-BlakeGunn,TEST-Barrie Colts,ON,2022-01-05
2,TEST-DianeKirby,TEST-TEST-DianeKirby,TEST-Owen Sound Attack,NS,2022-01-23
4,TEST-PhillipDevonport,TEST-TEST-PhillipDevonport,TEST-Sault Ste. Marie Greyhounds,SK,2022-02-16
3,TEST-CedrickLarsen,TEST-TEST-CedrickLarsen,TEST-Sarnia Sting,MB,2022-01-30
4,TEST-JayleneDickson,TEST-TEST-JayleneDickson,TEST-Barrie Colts,ON,2022-01-19
9,TEST-FredFall,TEST-TEST-FredFall,TEST-Kitchener Rangers,NS,2022-02-14
8,TEST-JulesRanks,TEST-TEST-JulesRanks,TEST-London Knights,NL,2022-03-02
8,TEST-KirstenMarshall,TEST-TEST-KirstenMarshall,TEST-Owen Sound Attack,NS,2022-01-24
9,TEST-JuliusWhite,TEST-TEST-JuliusWhite,TEST-Kitchener Rangers,NS,2022-02-02
1,TEST-AlessiaSherry,TEST-TEST-AlessiaSherry,TEST-Peterborough Petes,YT,2022-02-05
3,TEST-LiamShields,TEST-TEST-LiamShields,TEST-Mississauga Steelheads,MB,2022-02-18
7,TEST-BradWalter,TEST-TEST-BradWalter,TEST-London Knights,NL,2022-02-01
10,TEST-TaylorThomas,TEST-TEST-TaylorThomas,TEST-Sarnia Sting,MB,2022-01-06
6,TEST-MelodyBlackburn,TEST-TEST-MelodyBlackburn,TEST-Kitchener Rangers,NS,2022-01-08
10,TEST-MadisonFranks,TEST-TEST-MadisonFranks,TEST-Hamilton Bulldogs,BC,2022-01-07
6,TEST-HenryRobe,TEST-TEST-HenryRobe,TEST-Sudbury Wolves,NB,2022-01-08
9,TEST-EmeraldRoss,TEST-TEST-EmeraldRoss,TEST-Owen Sound Attack,NS,2022-03-02
10,TEST-RihannaRoman,TEST-TEST-RihannaRoman,TEST-Sault Ste. Marie Greyhounds,SK,2022-02-28
10,TEST-ClintDempsey,TEST-TEST-ClintDempsey,TEST-Owen Sound Attack,NS,2022-01-08
7,TEST-NicholasBrooks,TEST-TEST-NicholasBrooks,TEST-Mississauga Steelheads,MB,2022-01-13
5,TEST-JohnYoman,TEST-TEST-JohnYoman,TEST-Peterborough Petes,YT,2022-01-01
10,TEST-RogerAlexander,TEST-TEST-RogerAlexander,TEST-Guelph Storm,NU,2022-01-01
7,TEST-BarryRoman,TEST-TEST-BarryRoman,TEST-London Knights,NL,2022-02-01
10,TEST-BradOsmond,TEST-TEST-BradOsmond,TEST-Mississauga Steelheads,MB,2022-01-10
2,TEST-MichaelWilkinson,TEST-TEST-MichaelWilkinson,TEST-London Knights,NL,2022-02-17
8,TEST-RickBooth,TEST-TEST-RickBooth,TEST-Hamilton Bulldogs,BC,2022-03-03
4,TEST-GeorgeLewin,TEST-TEST-GeorgeLewin,TEST-Ottawa 67's,BC,2022-01-13
7,TEST-ChadDunbar,TEST-TEST-ChadDunbar,TEST-Guelph Storm,NU,2022-01-17
3,TEST-AmySmith,TEST-TEST-AmySmith,TEST-Oshawa Generals,AB,2022-02-26
9,TEST-PeterAinsworth,TEST-TEST-PeterAinsworth,TEST-Niagara IceDogs,QC,2022-03-03
3,TEST-HaydenMarshall,TEST-TEST-HaydenMarshall,TEST-Ottawa 67's,BC,2022-01-10
2,TEST-AlexanderKhan,TEST-TEST-AlexanderKhan,TEST-Oshawa Generals,AB,2022-02-12
4,TEST-GabrielSantos,TEST-TEST-GabrielSantos,TEST-Hamilton Bulldogs,BC,2022-01-29
7,TEST-MasonHoward,TEST-TEST-MasonHoward,TEST-Sault Ste. Marie Greyhounds,SK,2022-01-29
6,TEST-ChadStewart,TEST-TEST-ChadStewart,TEST-Sarnia Sting,MB,2022-02-12
10,TEST-EmelyRodgers,TEST-TEST-EmelyRodgers,TEST-Sarnia Sting,MB,2022-02-06
7,TEST-BryceSwift,TEST-TEST-BryceSwift,TEST-Oshawa Generals,AB,2022-01-11
6,TEST-KamilaWeldon,TEST-TEST-KamilaWeldon,TEST-Mississauga Steelheads,MB,2022-01-31
4,TEST-PeytonGoldsmith,TEST-TEST-PeytonGoldsmith,TEST-Guelph Storm,NU,2022-02-06
3,TEST-KateJacobs,TEST-TEST-KateJacobs,TEST-Guelph Storm,NU,2022-02-14
6,TEST-IslaTennant,TEST-TEST-IslaTennant,TEST-Oshawa Generals,AB,2022-01-24
4,TEST-JackRyan,TEST-TEST-JackRyan,TEST-Windsor Spitfires,AB,2022-01-15
7,TEST-CalebClarke,TEST-TEST-CalebClarke,TEST-London Knights,NL,2022-02-26
2,TEST-WadeStewart,TEST-TEST-WadeStewart,TEST-Owen Sound Attack,NS,2022-03-01
3,TEST-KayleeBailey,TEST-TEST-KayleeBailey,TEST-Barrie Colts,ON,2022-01-17
3,TEST-MichaelaTodd,TEST-TEST-MichaelaTodd,TEST-Barrie Colts,ON,2022-02-09
2,TEST-MarvinDempsey,TEST-TEST-MarvinDempsey,TEST-Kitchener Rangers,NS,2022-01-26
8,TEST-DanielPrice,TEST-TEST-DanielPrice,TEST-Peterborough Petes,YT,2022-02-10
3,TEST-KurtStevens,TEST-TEST-KurtStevens,TEST-Kitchener Rangers,NS,2022-02-27
9,TEST-GwenDrummond,TEST-TEST-GwenDrummond,TEST-Peterborough Petes,YT,2022-01-03
5,TEST-HarmonyMoore,TEST-TEST-HarmonyMoore,TEST-Kingston Frontenacs,PE,2022-01-07
6,TEST-SabrinaUlyatt,TEST-TEST-SabrinaUlyatt,TEST-Ottawa 67's,BC,2022-01-02
1,TEST-CarterWilcox,TEST-TEST-CarterWilcox,TEST-Oshawa Generals,AB,2022-01-22
2,TEST-PhillipWillson,TEST-TEST-PhillipWillson,TEST-Ottawa 67's,BC,2022-02-22
10,TEST-RickMorris,TEST-TEST-RickMorris,TEST-North Bay Battalion,NT,2022-02-16
2,TEST-OwenUddin,TEST-TEST-OwenUddin,TEST-Kitchener Rangers,NS,2022-02-26
6,TEST-ParkerWooldridge,TEST-TEST-ParkerWooldridge,TEST-Mississauga Steelheads,MB,2022-01-07
2,TEST-CarolynNicolas,TEST-TEST-CarolynNicolas,TEST-Sudbury Wolves,NB,2022-02-14
7,TEST-EnochBaldwin,TEST-TEST-EnochBaldwin,TEST-Sarnia Sting,MB,2022-02-22
7,TEST-DomenicGriffiths,TEST-TEST-DomenicGriffiths,TEST-Windsor Spitfires,AB,2022-02-09
4,TEST-DannyAllen,TEST-TEST-DannyAllen,TEST-Sarnia Sting,MB,2022-02-11
3,TEST-HaydenWood,TEST-TEST-HaydenWood,TEST-Mississauga Steelheads,MB,2022-02-28
9,TEST-AleksandraAdams,TEST-TEST-AleksandraAdams,TEST-North Bay Battalion,NT,2022-02-14
7,TEST-JaydenSpencer,TEST-TEST-JaydenSpencer,TEST-Guelph Storm,NU,2022-02-16
2,TEST-CarlMorgan,TEST-TEST-CarlMorgan,TEST-London Knights,NL,2022-01-06
1,TEST-VioletRoberts,TEST-TEST-VioletRoberts,TEST-Niagara IceDogs,QC,2022-03-03
4,TEST-MattFoxley,TEST-TEST-MattFoxley,TEST-Kingston Frontenacs,PE,2022-01-16
5,TEST-ChristyUddin,TEST-TEST-ChristyUddin,TEST-Kitchener Rangers,NS,2022-01-08
9,TEST-PercyMorley,TEST-TEST-PercyMorley,TEST-Sarnia Sting,MB,2022-02-14
3,TEST-AlanWeston,TEST-TEST-AlanWeston,TEST-Ottawa 67's,BC,2022-02-27
8,TEST-NoahDenton,TEST-TEST-NoahDenton,TEST-Barrie Colts,ON,2022-02-10
4,TEST-JavierClark,TEST-TEST-JavierClark,TEST-Sudbury Wolves,NB,2022-02-12
3,TEST-JosephNurton,TEST-TEST-JosephNurton,TEST-Peterborough Petes,YT,2022-02-17
4,TEST-ChesterAndrews,TEST-TEST-ChesterAndrews,TEST-Oshawa Generals,AB,2022-01-14
3,TEST-ClintOlivier,TEST-TEST-ClintOlivier,TEST-Sarnia Sting,MB,2022-01-15
6,TEST-TonyJudd,TEST-TEST-TonyJudd,TEST-Barrie Colts,ON,2022-02-28
5,TEST-DomenicGray,TEST-TEST-DomenicGray,TEST-Barrie Colts,ON,2022-02-16
6,TEST-MartinCann,TEST-TEST-MartinCann,TEST-Kingston Frontenacs,PE,2022-02-25
1,TEST-HelenRobe,TEST-TEST-HelenRobe,TEST-Niagara IceDogs,QC,2022-02-03
9,TEST-RonaldNobbs,TEST-TEST-RonaldNobbs,TEST-Kingston Frontenacs,PE,2022-01-15
3,TEST-AbbeyReyes,TEST-TEST-AbbeyReyes,TEST-Kitchener Rangers,NS,2022-02-25
5,TEST-JennaNewton,TEST-TEST-JennaNewton,TEST-Niagara IceDogs,QC,2022-01-23
3,TEST-LeroyEddison,TEST-TEST-LeroyEddison,TEST-London Knights,NL,2022-01-20
2,TEST-BradWright,TEST-TEST-BradWright,TEST-Mississauga Steelheads,MB,2022-01-17
6,TEST-MarvinCurtis,TEST-TEST-MarvinCurtis,TEST-North Bay Battalion,NT,2022-01-29
5,TEST-FrancescaCraig,TEST-TEST-FrancescaCraig,TEST-Barrie Colts,ON,2022-02-08
10,TEST-JackGrady,TEST-TEST-JackGrady,TEST-Windsor Spitfires,AB,2022-02-18
10,TEST-BradCollins,TEST-TEST-BradCollins,TEST-Kingston Frontenacs,PE,2022-02-22
7,TEST-MartinRigg,TEST-TEST-MartinRigg,TEST-Sudbury Wolves,NB,2022-01-24
10,TEST-HankNobbs,TEST-TEST-HankNobbs,TEST-Kingston Frontenacs,PE,2022-02-14
3,TEST-MikeMoss,TEST-TEST-MikeMoss,TEST-Sudbury Wolves,NB,2022-01-24
10,TEST-LorraineGreenwood,TEST-TEST-LorraineGreenwood,TEST-Kingston Frontenacs,PE,2022-03-02
10,TEST-SadieLee,TEST-TEST-SadieLee,TEST-Oshawa Generals,AB,2022-01-31
3,TEST-HaydenMurray,TEST-TEST-HaydenMurray,TEST-Windsor Spitfires,AB,2022-01-25
3,TEST-EthanRixon,TEST-TEST-EthanRixon,TEST-Guelph Storm,NU,2022-02-11
4,TEST-CarissaRandall,TEST-TEST-CarissaRandall,TEST-Hamilton Bulldogs,BC,2022-02-15
6,TEST-HopeHolmes,TEST-TEST-HopeHolmes,TEST-Guelph Storm,NU,2022-02-01
1,TEST-MarkPoole,TEST-TEST-MarkPoole,TEST-Sault Ste. Marie Greyhounds,SK,2022-02-01
2,TEST-CaitlynCrawley,TEST-TEST-CaitlynCrawley,TEST-Hamilton Bulldogs,BC,2022-02-06
4,TEST-HarryAdler,TEST-TEST-HarryAdler,TEST-North Bay Battalion,NT,2022-02-17
9,TEST-KarlaTailor,TEST-TEST-KarlaTailor,TEST-Kitchener Rangers,NS,2022-01-06
4,TEST-OwenNayler,TEST-TEST-OwenNayler,TEST-Mississauga Steelheads,MB,2022-01-21
4,TEST-CedrickWilson,TEST-TEST-CedrickWilson,TEST-Kingston Frontenacs,PE,2022-03-02
3,TEST-RonPalmer,TEST-TEST-RonPalmer,TEST-Niagara IceDogs,QC,2022-01-24
3,TEST-JulianKelly,TEST-TEST-JulianKelly,TEST-Owen Sound Attack,NS,2022-01-11
10,TEST-DougLindop,TEST-TEST-DougLindop,TEST-Sault Ste. Marie Greyhounds,SK,2022-02-23
2,TEST-CatherineMorgan,TEST-TEST-CatherineMorgan,TEST-Sarnia Sting,MB,2022-02-10
10,TEST-ChrisDriscoll,TEST-TEST-ChrisDriscoll,TEST-London Knights,NL,2022-01-05
2,TEST-LucyConnor,TEST-TEST-LucyConnor,TEST-Barrie Colts,ON,2022-01-12
5,TEST-ValentinaWheeler,TEST-TEST-ValentinaWheeler,TEST-Oshawa Generals,AB,2022-01-07
8,TEST-ErickGardner,TEST-TEST-ErickGardner,TEST-Peterborough Petes,YT,2022-01-17
3,TEST-RuthGordon,TEST-TEST-RuthGordon,TEST-Oshawa Generals,AB,2022-01-31
1,TEST-MargotLane,TEST-TEST-MargotLane,TEST-Sudbury Wolves,NB,2022-02-11
8,TEST-JackMorley,TEST-TEST-JackMorley,TEST-Hamilton Bulldogs,BC,2022-01-04
6,TEST-CallieBloom,TEST-TEST-CallieBloom,TEST-North Bay Battalion,NT,2022-02-21
5,TEST-SabrinaStark,TEST-TEST-SabrinaStark,TEST-Windsor Spitfires,AB,2022-02-16
6,TEST-BenjaminRadcliffe,TEST-TEST-BenjaminRadcliffe,TEST-Peterborough Petes,YT,2022-01-26
6,TEST-RaquelJarvis,TEST-TEST-RaquelJarvis,TEST-Sault Ste. Marie Greyhounds,SK,2022-02-02
3,TEST-MattPlumb,TEST-TEST-MattPlumb,TEST-Oshawa Generals,AB,2022-01-29
7,TEST-ClintIanson,TEST-TEST-ClintIanson,TEST-Mississauga Steelheads,MB,2022-02-26
3,TEST-LeahWatson,TEST-TEST-LeahWatson,TEST-Peterborough Petes,YT,2022-02-19
8,TEST-GemmaSimpson,TEST-TEST-GemmaSimpson,TEST-Guelph Storm,NU,2022-02-24
2,TEST-LaurenSamuel,TEST-TEST-LaurenSamuel,TEST-Kingston Frontenacs,PE,2022-01-31
7,TEST-HopeAshwell,TEST-TEST-HopeAshwell,TEST-North Bay Battalion,NT,2022-02-17
9,TEST-AnthonyUddin,TEST-TEST-AnthonyUddin,TEST-Guelph Storm,NU,2022-02-18
3,TEST-CedrickMorris,TEST-TEST-CedrickMorris,TEST-Sault Ste. Marie Greyhounds,SK,2022-01-15
8,TEST-GoldieRixon,TEST-TEST-GoldieRixon,TEST-Sault Ste. Marie Greyhounds,SK,2022-01-12
1,TEST-MiriamShaw,TEST-TEST-MiriamShaw,TEST-Kitchener Rangers,NS,2022-01-25
5,TEST-BeatriceBarclay,TEST-TEST-BeatriceBarclay,TEST-Niagara IceDogs,QC,2022-02-21
2,TEST-DavidStewart,TEST-TEST-DavidStewart,TEST-Kitchener Rangers,NS,2022-01-26
6,TEST-MatthewAddison,TEST-TEST-MatthewAddison,TEST-North Bay Battalion,NT,2022-01-13
3,TEST-ReginaThompson,TEST-TEST-ReginaThompson,TEST-Mississauga Steelheads,MB,2022-02-07
2,TEST-DanielWright,TEST-TEST-DanielWright,TEST-Kitchener Rangers,NS,2022-02-18
4,TEST-FelicityEddison,TEST-TEST-FelicityEddison,TEST-Kingston Frontenacs,PE,2022-02-08
7,TEST-NathanHunter,TEST-TEST-NathanHunter,TEST-Kitchener Rangers,NS,2022-01-24
9,TEST-ShelbyWhitehouse,TEST-TEST-ShelbyWhitehouse,TEST-Niagara IceDogs,QC,2022-02-04
8,TEST-MasonMorris,TEST-TEST-MasonMorris,TEST-North Bay Battalion,NT,2022-02-01
5,TEST-ClaireDempsey,TEST-TEST-ClaireDempsey,TEST-Oshawa Generals,AB,2022-01-06
2,TEST-KirstenBurnley,TEST-TEST-KirstenBurnley,TEST-Peterborough Petes,YT,2022-02-21
3,TEST-LeroyGriffiths,TEST-TEST-LeroyGriffiths,TEST-Sault Ste. Marie Greyhounds,SK,2022-02-23
2,TEST-ClintIsaac,TEST-TEST-ClintIsaac,TEST-Mississauga Steelheads,MB,2022-01-24
10,TEST-WadeCorbett,TEST-TEST-WadeCorbett,TEST-Peterborough Petes,YT,2022-02-25
9,TEST-JuliusWild,TEST-TEST-JuliusWild,TEST-Hamilton Bulldogs,BC,2022-01-19
8,TEST-JacquelineJarvis,TEST-TEST-JacquelineJarvis,TEST-Sarnia Sting,MB,2022-02-23
1,TEST-EduardoWalter,TEST-TEST-EduardoWalter,TEST-Oshawa Generals,AB,2022-02-12
4,TEST-MargaretDarcy,TEST-TEST-MargaretDarcy,TEST-Hamilton Bulldogs,BC,2022-02-06
6,TEST-BenjaminUddin,TEST-TEST-BenjaminUddin,TEST-Barrie Colts,ON,2022-01-04
1,TEST-MattOsman,TEST-TEST-MattOsman,TEST-Oshawa Generals,AB,2022-02-16
4,TEST-TylerHunter,TEST-TEST-TylerHunter,TEST-Hamilton Bulldogs,BC,2022-01-20
1,TEST-MelodyWoods,TEST-TEST-MelodyWoods,TEST-Oshawa Generals,AB,2022-02-24
9,TEST-BobWright,TEST-TEST-BobWright,TEST-Hamilton Bulldogs,BC,2022-02-11
8,TEST-RosieSanchez,TEST-TEST-RosieSanchez,TEST-Kingston Frontenacs,PE,2022-01-13
1,TEST-MadisonDubois,TEST-TEST-MadisonDubois,TEST-Niagara IceDogs,QC,2022-02-21
4,TEST-MaribelBright,TEST-TEST-MaribelBright,TEST-Barrie Colts,ON,2022-02-27
2,TEST-TaniaLambert,TEST-TEST-TaniaLambert,TEST-Sarnia Sting,MB,2022-01-12
10,TEST-CiaraThomson,TEST-TEST-CiaraThomson,TEST-Niagara IceDogs,QC,2022-02-04
8,TEST-ChloeRowe,TEST-TEST-ChloeRowe,TEST-Sarnia Sting,MB,2022-01-31
4,TEST-AngeliqueDevonport,TEST-TEST-AngeliqueDevonport,TEST-Ottawa 67's,BC,2022-01-23
3,TEST-ClarissaGilmour,TEST-TEST-ClarissaGilmour,TEST-Windsor Spitfires,AB,2022-02-13
9,TEST-RyleeFox,TEST-TEST-RyleeFox,TEST-Kitchener Rangers,NS,2022-01-31
3,TEST-MeredithEagle,TEST-TEST-MeredithEagle,TEST-Sarnia Sting,MB,2022-02-24
1,TEST-NathanMccormick,TEST-TEST-NathanMccormick,TEST-Hamilton Bulldogs,BC,2022-01-03
1,TEST-HarveyParker,TEST-TEST-HarveyParker,TEST-Oshawa Generals,AB,2022-02-14
5,TEST-NateQuinton,TEST-TEST-NateQuinton,TEST-Sudbury Wolves,NB,2022-02-01
7,TEST-JohnathanWild,TEST-TEST-JohnathanWild,TEST-Mississauga Steelheads,MB,2022-01-06
8,TEST-DanielJacobs,TEST-TEST-DanielJacobs,TEST-London Knights,NL,2022-02-10
4,TEST-RusselPowell,TEST-TEST-RusselPowell,TEST-Peterborough Petes,YT,2022-01-28
9,TEST-BryonWarner,TEST-TEST-BryonWarner,TEST-Hamilton Bulldogs,BC,2022-02-04
4,TEST-TessCalderwood,TEST-TEST-TessCalderwood,TEST-Hamilton Bulldogs,BC,2022-02-21
6,TEST-ManuelAtkinson,TEST-TEST-ManuelAtkinson,TEST-Sault Ste. Marie Greyhounds,SK,2022-01-13
9,TEST-MeredithAttwood,TEST-TEST-MeredithAttwood,TEST-Kitchener Rangers,NS,2022-02-12
2,TEST-CarlNorman,TEST-TEST-CarlNorman,TEST-London Knights,NL,2022-03-03
1,TEST-HankWilson,TEST-TEST-HankWilson,TEST-Sault Ste. Marie Greyhounds,SK,2022-01-08
7,TEST-BryonNash,TEST-TEST-BryonNash,TEST-Ottawa 67's,BC,2022-03-01
2,TEST-DennyDempsey,TEST-TEST-DennyDempsey,TEST-Kitchener Rangers,NS,2022-01-28
8,TEST-GilThompson,TEST-TEST-GilThompson,TEST-Oshawa Generals,AB,2022-01-16
4,TEST-BritneyGoldsmith,TEST-TEST-BritneyGoldsmith,TEST-Guelph Storm,NU,2022-02-22
4,TEST-JaydenWooldridge,TEST-TEST-JaydenWooldridge,TEST-North Bay Battalion,NT,2022-02-24
10,TEST-OwenBaker,TEST-TEST-OwenBaker,TEST-London Knights,NL,2022-01-05
3,TEST-NicholasUttley,TEST-TEST-NicholasUttley,TEST-Kingston Frontenacs,PE,2022-01-04
8,TEST-HannahStone,TEST-TEST-HannahStone,TEST-Peterborough Petes,YT,2022-02-28
3,TEST-DougLucas,TEST-TEST-DougLucas,TEST-Oshawa Generals,AB,2022-02-08
4,TEST-JaydenFreeburn,TEST-TEST-JaydenFreeburn,TEST-North Bay Battalion,NT,2022-02-20
5,TEST-JohnnySkinner,TEST-TEST-JohnnySkinner,TEST-Sudbury Wolves,NB,2022-02-13
10,TEST-MarkCameron,TEST-TEST-MarkCameron,TEST-Mississauga Steelheads,MB,2022-01-25
8,TEST-SkylarHorton,TEST-TEST-SkylarHorton,TEST-Owen Sound Attack,NS,2022-01-06
10,TEST-MarieStone,TEST-TEST-MarieStone,TEST-Sarnia Sting,MB,2022-01-16
4,TEST-BradVangness,TEST-TEST-BradVangness,TEST-Kitchener Rangers,NS,2022-02-04
2,TEST-GeorgeNorburn,TEST-TEST-GeorgeNorburn,TEST-North Bay Battalion,NT,2022-02-05
6,TEST-AnneAllcott,TEST-TEST-AnneAllcott,TEST-Owen Sound Attack,NS,2022-01-14
1,TEST-HarveyUpton,TEST-TEST-HarveyUpton,TEST-Niagara IceDogs,QC,2022-03-03
7,TEST-DanielSpencer,TEST-TEST-DanielSpencer,TEST-Oshawa Generals,AB,2022-01-20
8,TEST-ZaraMarshall,TEST-TEST-ZaraMarshall,TEST-Kingston Frontenacs,PE,2022-01-09
2,TEST-IvyMalone,TEST-TEST-IvyMalone,TEST-Sarnia Sting,MB,2022-01-20
6,TEST-RoccoBright,TEST-TEST-RoccoBright,TEST-Sudbury Wolves,NB,2022-01-29
7,TEST-AbbeyEddison,TEST-TEST-AbbeyEddison,TEST-Ottawa 67's,BC,2022-02-01
2,TEST-LukeParker,TEST-TEST-LukeParker,TEST-Hamilton Bulldogs,BC,2022-02-04
3,TEST-DarleneCrawley,TEST-TEST-DarleneCrawley,TEST-Guelph Storm,NU,2022-01-03
10,TEST-AnaisWild,TEST-TEST-AnaisWild,TEST-Kingston Frontenacs,PE,2022-02-28
3,TEST-AlexanderDevonport,TEST-TEST-AlexanderDevonport,TEST-Ottawa 67's,BC,2022-02-10
7,TEST-GabrielSaunders,TEST-TEST-GabrielSaunders,TEST-Oshawa Generals,AB,2022-02-12
1,TEST-HarveyHall,TEST-TEST-HarveyHall,TEST-Sault Ste. Marie Greyhounds,SK,2022-02-14
4,TEST-DrewDevonport,TEST-TEST-DrewDevonport,TEST-Windsor Spitfires,AB,2022-02-25
3,TEST-NorahWillson,TEST-TEST-NorahWillson,TEST-Oshawa Generals,AB,2022-01-10
5,TEST-HankStyles,TEST-TEST-HankStyles,TEST-Kitchener Rangers,NS,2022-01-22
2,TEST-JackSmith,TEST-TEST-JackSmith,TEST-Hamilton Bulldogs,BC,2022-01-04
9,TEST-MeredithLarsen,TEST-TEST-MeredithLarsen,TEST-Niagara IceDogs,QC,2022-02-09
10,TEST-SamanthaPlant,TEST-TEST-SamanthaPlant,TEST-Guelph Storm,NU,2022-01-23
2,TEST-WilliamAdler,TEST-TEST-WilliamAdler,TEST-Sault Ste. Marie Greyhounds,SK,2022-01-01
4,TEST-VioletNicholls,TEST-TEST-VioletNicholls,TEST-North Bay Battalion,NT,2022-02-15
5,TEST-NicoleBishop,TEST-TEST-NicoleBishop,TEST-Hamilton Bulldogs,BC,2022-01-22
10,TEST-OwenBlackburn,TEST-TEST-OwenBlackburn,TEST-Sault Ste. Marie Greyhounds,SK,2022-01-08
8,TEST-BartFarrow,TEST-TEST-BartFarrow,TEST-Guelph Storm,NU,2022-01-01
8,TEST-CelinaLindsay,TEST-TEST-CelinaLindsay,TEST-Niagara IceDogs,QC,2022-03-02
8,TEST-RusselStrong,TEST-TEST-RusselStrong,TEST-Barrie Colts,ON,2022-02-08
5,TEST-AidenRyan,TEST-TEST-AidenRyan,TEST-Kitchener Rangers,NS,2022-01-02
2,TEST-ChuckBell,TEST-TEST-ChuckBell,TEST-Ottawa 67's,BC,2022-01-27
4,TEST-JocelynCrawley,TEST-TEST-JocelynCrawley,TEST-Barrie Colts,ON,2022-01-23
3,TEST-EmeraldKent,TEST-TEST-EmeraldKent,TEST-Barrie Colts,ON,2022-01-04
6,TEST-RoccoGlynn,TEST-TEST-RoccoGlynn,TEST-North Bay Battalion,NT,2022-01-31
2,TEST-ChesterJanes,TEST-TEST-ChesterJanes,TEST-Sault Ste. Marie Greyhounds,SK,2022-01-31
8,TEST-DannyThomson,TEST-TEST-DannyThomson,TEST-Oshawa Generals,AB,2022-01-02
5,TEST-HarveyWaterson,TEST-TEST-HarveyWaterson,TEST-Guelph Storm,NU,2022-02-12
10,TEST-AngelicaWilson,TEST-TEST-AngelicaWilson,TEST-Kitchener Rangers,NS,2022-02-02
2,TEST-RosalieWhitehouse,TEST-TEST-RosalieWhitehouse,TEST-Peterborough Petes,YT,2022-01-06
1,TEST-RonBailey,TEST-TEST-RonBailey,TEST-Sudbury Wolves,NB,2022-02-14
2,TEST-CedrickMorrow,TEST-TEST-CedrickMorrow,TEST-North Bay Battalion,NT,2022-01-12
4,TEST-DenisDrummond,TEST-TEST-DenisDrummond,TEST-London Knights,NL,2022-02-09
1,TEST-MonicaRussell,TEST-TEST-MonicaRussell,TEST-Peterborough Petes,YT,2022-01-05
9,TEST-MeganGavin,TEST-TEST-MeganGavin,TEST-London Knights,NL,2022-01-16
5,TEST-FreyaCoates,TEST-TEST-FreyaCoates,TEST-Sudbury Wolves,NB,2022-01-19
1,TEST-BernadetteBeal,TEST-TEST-BernadetteBeal,TEST-London Knights,NL,2022-01-26
3,TEST-AnabelleWelsch,TEST-TEST-AnabelleWelsch,TEST-London Knights,NL,2022-02-21
8,TEST-EileenJackson,TEST-TEST-EileenJackson,TEST-Guelph Storm,NU,2022-02-15
2,TEST-BarryCarpenter,TEST-TEST-BarryCarpenter,TEST-North Bay Battalion,NT,2022-02-07
2,TEST-DaronChappell,TEST-TEST-DaronChappell,TEST-Mississauga Steelheads,MB,2022-02-25
4,TEST-DavidMcnally,TEST-TEST-DavidMcnally,TEST-Ottawa 67's,BC,2022-02-07
4,TEST-SavannahTindall,TEST-TEST-SavannahTindall,TEST-Peterborough Petes,YT,2022-01-06
2,TEST-JuliannaFlynn,TEST-TEST-JuliannaFlynn,TEST-Mississauga Steelheads,MB,2022-02-07
7,TEST-CassidyPayne,TEST-TEST-CassidyPayne,TEST-Ottawa 67's,BC,2022-01-31
1,TEST-TylerMccall,TEST-TEST-TylerMccall,TEST-Windsor Spitfires,AB,2022-02-10
4,TEST-GraceLomax,TEST-TEST-GraceLomax,TEST-North Bay Battalion,NT,2022-02-14
5,TEST-JaydenRossi,TEST-TEST-JaydenRossi,TEST-Mississauga Steelheads,MB,2022-01-25
10,TEST-ManuelCarpenter,TEST-TEST-ManuelCarpenter,TEST-North Bay Battalion,NT,2022-01-05
4,TEST-MaraTutton,TEST-TEST-MaraTutton,TEST-Mississauga Steelheads,MB,2022-01-12
5,TEST-LeilaniRanks,TEST-TEST-LeilaniRanks,TEST-Peterborough Petes,YT,2022-01-25
7,TEST-MarigoldHewitt,TEST-TEST-MarigoldHewitt,TEST-North Bay Battalion,NT,2022-01-02
3,TEST-ChesterNeedham,TEST-TEST-ChesterNeedham,TEST-Peterborough Petes,YT,2022-02-23
7,TEST-JoshParsons,TEST-TEST-JoshParsons,TEST-Kitchener Rangers,NS,2022-02-14
1,TEST-OwenJames,TEST-TEST-OwenJames,TEST-London Knights,NL,2022-02-23
7,TEST-BarneyMcnally,TEST-TEST-BarneyMcnally,TEST-Owen Sound Attack,NS,2022-01-30
10,TEST-AlbaJacobs,TEST-TEST-AlbaJacobs,TEST-Kitchener Rangers,NS,2022-02-21
4,TEST-MarlaMarshall,TEST-TEST-MarlaMarshall,TEST-Owen Sound Attack,NS,2022-01-28
7,TEST-FredWeston,TEST-TEST-FredWeston,TEST-Sudbury Wolves,NB,2022-03-01
10,TEST-MarkVinton,TEST-TEST-MarkVinton,TEST-Sault Ste. Marie Greyhounds,SK,2022-01-02
4,TEST-BarneySanchez,TEST-TEST-BarneySanchez,TEST-Sarnia Sting,MB,2022-02-06
1,TEST-AidenBurge,TEST-TEST-AidenBurge,TEST-Guelph Storm,NU,2022-02-02
2,TEST-OwenStone,TEST-TEST-OwenStone,TEST-London Knights,NL,2022-01-22
5,TEST-ErinColl,TEST-TEST-ErinColl,TEST-Guelph Storm,NU,2022-02-10
1,TEST-TysonKhan,TEST-TEST-TysonKhan,TEST-Sudbury Wolves,NB,2022-01-16
10,TEST-GemmaHaines,TEST-TEST-GemmaHaines,TEST-Peterborough Petes,YT,2022-01-10
5,TEST-SarahVictor,TEST-TEST-SarahVictor,TEST-Kitchener Rangers,NS,2022-01-13
7,TEST-SloaneBryant,TEST-TEST-SloaneBryant,TEST-Sarnia Sting,MB,2022-02-06
7,TEST-IrisBrooks,TEST-TEST-IrisBrooks,TEST-North Bay Battalion,NT,2022-02-04
3,TEST-DianeRothwell,TEST-TEST-DianeRothwell,TEST-Owen Sound Attack,NS,2022-03-02
6,TEST-OliviaHolmes,TEST-TEST-OliviaHolmes,TEST-Owen Sound Attack,NS,2022-01-11
4,TEST-FredAlldridge,TEST-TEST-FredAlldridge,TEST-Sarnia Sting,MB,2022-01-10
10,TEST-RonaldEllis,TEST-TEST-RonaldEllis,TEST-London Knights,NL,2022-02-25
1,TEST-LivSherwood,TEST-TEST-LivSherwood,TEST-Mississauga Steelheads,MB,2022-02-14
7,TEST-BarneyAvery,TEST-TEST-BarneyAvery,TEST-Hamilton Bulldogs,BC,2022-01-22
6,TEST-DavidGregory,TEST-TEST-DavidGregory,TEST-Sault Ste. Marie Greyhounds,SK,2022-01-24
10,TEST-JosephTailor,TEST-TEST-JosephTailor,TEST-Guelph Storm,NU,2022-02-23
1,TEST-NathanRobertson,TEST-TEST-NathanRobertson,TEST-North Bay Battalion,NT,2022-02-13
9,TEST-BradSimpson,TEST-TEST-BradSimpson,TEST-Owen Sound Attack,NS,2022-01-13
7,TEST-JavierHunter,TEST-TEST-JavierHunter,TEST-Kingston Frontenacs,PE,2022-01-08
5,TEST-CelinaRodwell,TEST-TEST-CelinaRodwell,TEST-North Bay Battalion,NT,2022-02-10
3,TEST-PhillipKennedy,TEST-TEST-PhillipKennedy,TEST-Windsor Spitfires,AB,2022-01-16
5,TEST-DaphneLocke,TEST-TEST-DaphneLocke,TEST-Mississauga Steelheads,MB,2022-01-08
1,TEST-PriscillaBallard,TEST-TEST-PriscillaBallard,TEST-London Knights,NL,2022-01-26
5,TEST-DanielFox,TEST-TEST-DanielFox,TEST-Peterborough Petes,YT,2022-02-16
5,TEST-HarryMay,TEST-TEST-HarryMay,TEST-Sudbury Wolves,NB,2022-02-17
5,TEST-JuliaMorley,TEST-TEST-JuliaMorley,TEST-Hamilton Bulldogs,BC,2022-02-09
2,TEST-SamanthaWigley,TEST-TEST-SamanthaWigley,TEST-Owen Sound Attack,NS,2022-02-10
3,TEST-DestinyBright,TEST-TEST-DestinyBright,TEST-London Knights,NL,2022-01-25
7,TEST-AngeliqueCraig,TEST-TEST-AngeliqueCraig,TEST-Sudbury Wolves,NB,2022-02-11
4,TEST-LoganWeldon,TEST-TEST-LoganWeldon,TEST-Barrie Colts,ON,2022-02-28
1,TEST-ParkerVilliger,TEST-TEST-ParkerVilliger,TEST-Barrie Colts,ON,2022-01-21
2,TEST-BritneyBlythe,TEST-TEST-BritneyBlythe,TEST-Sudbury Wolves,NB,2022-02-06
10,TEST-CarlGaynor,TEST-TEST-CarlGaynor,TEST-Hamilton Bulldogs,BC,2022-02-04
2,TEST-HarveyWilson,TEST-TEST-HarveyWilson,TEST-Kingston Frontenacs,PE,2022-01-28
1,TEST-RogerAinsworth,TEST-TEST-RogerAinsworth,TEST-Owen Sound Attack,NS,2022-02-26
1,TEST-LoganWeatcroft,TEST-TEST-LoganWeatcroft,TEST-Niagara IceDogs,QC,2022-02-09
9,TEST-LilianaSelby,TEST-TEST-LilianaSelby,TEST-Ottawa 67's,BC,2022-01-01
5,TEST-JackelinePhillips,TEST-TEST-JackelinePhillips,TEST-Guelph Storm,NU,2022-01-27
9,TEST-RyanCarter,TEST-TEST-RyanCarter,TEST-London Knights,NL,2022-02-12
1,TEST-RoseWarner,TEST-TEST-RoseWarner,TEST-Owen Sound Attack,NS,2022-01-10
8,TEST-GwenVernon,TEST-TEST-GwenVernon,TEST-Ottawa 67's,BC,2022-01-09
3,TEST-BarneyWright,TEST-TEST-BarneyWright,TEST-Windsor Spitfires,AB,2022-02-23
10,TEST-RamonWigley,TEST-TEST-RamonWigley,TEST-Niagara IceDogs,QC,2022-01-25
7,TEST-AlexanderMills,TEST-TEST-AlexanderMills,TEST-Sudbury Wolves,NB,2022-02-22
4,TEST-GemmaNorris,TEST-TEST-GemmaNorris,TEST-Hamilton Bulldogs,BC,2022-02-24
1,TEST-DaliaStyles,TEST-TEST-DaliaStyles,TEST-Peterborough Petes,YT,2022-02-23
8,TEST-KurtZaoui,TEST-TEST-KurtZaoui,TEST-Windsor Spitfires,AB,2022-01-04
5,TEST-ErinMcgregor,TEST-TEST-ErinMcgregor,TEST-Owen Sound Attack,NS,2022-02-24
6,TEST-EstrellaMatthews,TEST-TEST-EstrellaMatthews,TEST-Sarnia Sting,MB,2022-01-01
3,TEST-ErickTownend,TEST-TEST-ErickTownend,TEST-Sault Ste. Marie Greyhounds,SK,2022-01-27
1,TEST-AlexFisher,TEST-TEST-AlexFisher,TEST-Guelph Storm,NU,2022-01-09
5,TEST-CarmellaHolmes,TEST-TEST-CarmellaHolmes,TEST-Mississauga Steelheads,MB,2022-01-09
8,TEST-AileenHaines,TEST-TEST-AileenHaines,TEST-Windsor Spitfires,AB,2022-02-17
6,TEST-AdalieWarren,TEST-TEST-AdalieWarren,TEST-Mississauga Steelheads,MB,2022-01-25
10,TEST-MinaAllington,TEST-TEST-MinaAllington,TEST-Kingston Frontenacs,PE,2022-01-11
4,TEST-LouiseDevonport,TEST-TEST-LouiseDevonport,TEST-Oshawa Generals,AB,2022-02-03
7,TEST-MarkGraham,TEST-TEST-MarkGraham,TEST-Mississauga Steelheads,MB,2022-01-03
6,TEST-CrystalDillon,TEST-TEST-CrystalDillon,TEST-Mississauga Steelheads,MB,2022-01-18
2,TEST-EllyEdwards,TEST-TEST-EllyEdwards,TEST-Sarnia Sting,MB,2022-01-17
5,TEST-JavierPowell,TEST-TEST-JavierPowell,TEST-Barrie Colts,ON,2022-02-10
9,TEST-DenisHerbert,TEST-TEST-DenisHerbert,TEST-Owen Sound Attack,NS,2022-03-03
4,TEST-AnthonyFleming,TEST-TEST-AnthonyFleming,TEST-Windsor Spitfires,AB,2022-02-22
1,TEST-ChuckGriffiths,TEST-TEST-ChuckGriffiths,TEST-Barrie Colts,ON,2022-01-05
1,TEST-LucyWalsh,TEST-TEST-LucyWalsh,TEST-Hamilton Bulldogs,BC,2022-01-08
10,TEST-ParkerSimpson,TEST-TEST-ParkerSimpson,TEST-Owen Sound Attack,NS,2022-02-17
2,TEST-CarterHobson,TEST-TEST-CarterHobson,TEST-Mississauga Steelheads,MB,2022-02-09
9,TEST-LiamAlcroft,TEST-TEST-LiamAlcroft,TEST-Windsor Spitfires,AB,2022-01-20
10,TEST-PenelopeDunbar,TEST-TEST-PenelopeDunbar,TEST-Barrie Colts,ON,2022-02-01
2,TEST-HenryGiles,TEST-TEST-HenryGiles,TEST-Owen Sound Attack,NS,2022-01-03
4,TEST-GraceGrady,TEST-TEST-GraceGrady,TEST-Barrie Colts,ON,2022-01-07
3,TEST-WendyVince,TEST-TEST-WendyVince,TEST-Oshawa Generals,AB,2022-02-20
3,TEST-LilyAdams,TEST-TEST-LilyAdams,TEST-Niagara IceDogs,QC,2022-01-17
8,TEST-GwenGordon,TEST-TEST-GwenGordon,TEST-Sudbury Wolves,NB,2022-01-28
3,TEST-NickLittle,TEST-TEST-NickLittle,TEST-Guelph Storm,NU,2022-02-07
3,TEST-MaggieLucas,TEST-TEST-MaggieLucas,TEST-Guelph Storm,NU,2022-01-10
9,TEST-RusselFarrell,TEST-TEST-RusselFarrell,TEST-Sudbury Wolves,NB,2022-01-29
7,TEST-BarryUpton,TEST-TEST-BarryUpton,TEST-Owen Sound Attack,NS,2022-01-13
2,TEST-DorisNurton,TEST-TEST-DorisNurton,TEST-Hamilton Bulldogs,BC,2022-01-21
10,TEST-ColleenIrwin,TEST-TEST-ColleenIrwin,TEST-Kitchener Rangers,NS,2022-03-03
1,TEST-AnthonyDickson,TEST-TEST-AnthonyDickson,TEST-Barrie Colts,ON,2022-03-01
9,TEST-MartinRehman,TEST-TEST-MartinRehman,TEST-North Bay Battalion,NT,2022-02-02
5,TEST-CarlaHammond,TEST-TEST-CarlaHammond,TEST-Guelph Storm,NU,2022-02-16
5,TEST-AlexSwift,TEST-TEST-AlexSwift,TEST-Barrie Colts,ON,2022-02-25
2,TEST-RonaldCoates,TEST-TEST-RonaldCoates,TEST-Oshawa Generals,AB,2022-01-14
8,TEST-ChristineRobertson,TEST-TEST-ChristineRobertson,TEST-Mississauga Steelheads,MB,2022-02-23
2,TEST-MatthewIngham,TEST-TEST-MatthewIngham,TEST-Owen Sound Attack,NS,2022-01-25
7,TEST-TeaganBrock,TEST-TEST-TeaganBrock,TEST-Sudbury Wolves,NB,2022-01-06
3,TEST-DougArcher,TEST-TEST-DougArcher,TEST-Oshawa Generals,AB,2022-01-08
6,TEST-MadisonRoberts,TEST-TEST-MadisonRoberts,TEST-Peterborough Petes,YT,2022-01-02
10,TEST-BartUddin,TEST-TEST-BartUddin,TEST-Sudbury Wolves,NB,2022-01-23
1,TEST-HarveyBecker,TEST-TEST-HarveyBecker,TEST-Oshawa Generals,AB,2022-02-28
7,TEST-GladysGates,TEST-TEST-GladysGates,TEST-Owen Sound Attack,NS,2022-02-18
7,TEST-CarlFaulkner,TEST-TEST-CarlFaulkner,TEST-London Knights,NL,2022-01-10
2,TEST-EduardoMurphy,TEST-TEST-EduardoMurphy,TEST-Kitchener Rangers,NS,2022-01-19
2,TEST-DannyOwen,TEST-TEST-DannyOwen,TEST-Niagara IceDogs,QC,2022-01-26
1,TEST-DanielWalker,TEST-TEST-DanielWalker,TEST-Ottawa 67's,BC,2022-03-02
3,TEST-LexiEmmott,TEST-TEST-LexiEmmott,TEST-North Bay Battalion,NT,2022-02-07
1,TEST-KeiraLucas,TEST-TEST-KeiraLucas,TEST-Sudbury Wolves,NB,2022-02-25
8,TEST-DannyGlass,TEST-TEST-DannyGlass,TEST-Mississauga Steelheads,MB,2022-02-03
10,TEST-JuliusSherwood,TEST-TEST-JuliusSherwood,TEST-Hamilton Bulldogs,BC,2022-01-11
1,TEST-GemmaStanley,TEST-TEST-GemmaStanley,TEST-Oshawa Generals,AB,2022-02-01
10,TEST-ChadFowler,TEST-TEST-ChadFowler,TEST-Guelph Storm,NU,2022-02-21
5,TEST-ChesterSteer,TEST-TEST-ChesterSteer,TEST-Sault Ste. Marie Greyhounds,SK,2022-02-04
6,TEST-LunaWilkinson,TEST-TEST-LunaWilkinson,TEST-Niagara IceDogs,QC,2022-02-23
9,TEST-DenisGlass,TEST-TEST-DenisGlass,TEST-Guelph Storm,NU,2022-03-02
10,TEST-KurtHogg,TEST-TEST-KurtHogg,TEST-Niagara IceDogs,QC,2022-02-19
3,TEST-ChuckJobson,TEST-TEST-ChuckJobson,TEST-Oshawa Generals,AB,2022-01-08
8,TEST-CourtneyHammond,TEST-TEST-CourtneyHammond,TEST-London Knights,NL,2022-02-12
3,TEST-JulianShea,TEST-TEST-JulianShea,TEST-Barrie Colts,ON,2022-02-17
8,TEST-SusanShepherd,TEST-TEST-SusanShepherd,TEST-Ottawa 67's,BC,2022-02-20
5,TEST-MattBenfield,TEST-TEST-MattBenfield,TEST-North Bay Battalion,NT,2022-01-14
6,TEST-BorisKerr,TEST-TEST-BorisKerr,TEST-London Knights,NL,2022-01-15
10,TEST-MayaDonnelly,TEST-TEST-MayaDonnelly,TEST-Ottawa 67's,BC,2022-01-14
4,TEST-DanielLewis,TEST-TEST-DanielLewis,TEST-Kitchener Rangers,NS,2022-01-12
3,TEST-GladysFarrell,TEST-TEST-GladysFarrell,TEST-Hamilton Bulldogs,BC,2022-01-15
7,TEST-CaydenceMurray,TEST-TEST-CaydenceMurray,TEST-Kitchener Rangers,NS,2022-01-05
3,TEST-LoganJames,TEST-TEST-LoganJames,TEST-Ottawa 67's,BC,2022-02-10
3,TEST-KassandraGilbert,TEST-TEST-KassandraGilbert,TEST-Windsor Spitfires,AB,2022-02-16
3,TEST-MarvinTaylor,TEST-TEST-MarvinTaylor,TEST-Oshawa Generals,AB,2022-01-11
6,TEST-CedrickBooth,TEST-TEST-CedrickBooth,TEST-North Bay Battalion,NT,2022-02-20
10,TEST-JoshRoberts,TEST-TEST-JoshRoberts,TEST-Mississauga Steelheads,MB,2022-01-20
4,TEST-DaronFranks,TEST-TEST-DaronFranks,TEST-North Bay Battalion,NT,2022-02-22
6,TEST-MaraDrew,TEST-TEST-MaraDrew,TEST-Windsor Spitfires,AB,2022-02-20
3,TEST-ClintFall,TEST-TEST-ClintFall,TEST-Windsor Spitfires,AB,2022-01-21
7,TEST-AnthonyCobb,TEST-TEST-AnthonyCobb,TEST-Windsor Spitfires,AB,2022-02-22
6,TEST-ClarissaVarndell,TEST-TEST-ClarissaVarndell,TEST-Peterborough Petes,YT,2022-02-27
6,TEST-ChristineScott,TEST-TEST-ChristineScott,TEST-Barrie Colts,ON,2022-01-03
6,TEST-VanessaNiles,TEST-TEST-VanessaNiles,TEST-Kitchener Rangers,NS,2022-01-03
10,TEST-ChuckEdwards,TEST-TEST-ChuckEdwards,TEST-Oshawa Generals,AB,2022-01-29
3,TEST-TaraClarkson,TEST-TEST-TaraClarkson,TEST-Sudbury Wolves,NB,2022-02-19
3,TEST-RaquelWilliams,TEST-TEST-RaquelWilliams,TEST-Owen Sound Attack,NS,2022-01-23
7,TEST-LunaEvans,TEST-TEST-LunaEvans,TEST-Guelph Storm,NU,2022-02-05
3,TEST-JuliannaParker,TEST-TEST-JuliannaParker,TEST-Guelph Storm,NU,2022-01-11
5,TEST-CatherineFox,TEST-TEST-CatherineFox,TEST-Sault Ste. Marie Greyhounds,SK,2022-01-22
7,TEST-AlexanderWild,TEST-TEST-AlexanderWild,TEST-Guelph Storm,NU,2022-01-10
1,TEST-TysonDrew,TEST-TEST-TysonDrew,TEST-Hamilton Bulldogs,BC,2022-02-05
3,TEST-EmeryYoung,TEST-TEST-EmeryYoung,TEST-Niagara IceDogs,QC,2022-01-13
7,TEST-AidenJackson,TEST-TEST-AidenJackson,TEST-Barrie Colts,ON,2022-02-19
5,TEST-JackRoss,TEST-TEST-JackRoss,TEST-Sarnia Sting,MB,2022-03-02
4,TEST-DaniRanks,TEST-TEST-DaniRanks,TEST-Windsor Spitfires,AB,2022-02-06
3,TEST-MikeAllen,TEST-TEST-MikeAllen,TEST-Hamilton Bulldogs,BC,2022-01-27
1,TEST-PriscillaShelton,TEST-TEST-PriscillaShelton,TEST-Barrie Colts,ON,2022-02-03
5,TEST-MasonSantos,TEST-TEST-MasonSantos,TEST-Ottawa 67's,BC,2022-02-15
10,TEST-AmyButler,TEST-TEST-AmyButler,TEST-Windsor Spitfires,AB,2022-01-19
8,TEST-MelaniaBlackwall,TEST-TEST-MelaniaBlackwall,TEST-London Knights,NL,2022-03-03
5,TEST-DavidBlythe,TEST-TEST-DavidBlythe,TEST-Owen Sound Attack,NS,2022-01-10
5,TEST-DaphneAddis,TEST-TEST-DaphneAddis,TEST-Windsor Spitfires,AB,2022-01-21
6,TEST-PeterJohn,TEST-TEST-PeterJohn,TEST-Owen Sound Attack,NS,2022-02-25
2,TEST-JanelleVernon,TEST-TEST-JanelleVernon,TEST-Sault Ste. Marie Greyhounds,SK,2022-01-06
5,TEST-AgnesBurnley,TEST-TEST-AgnesBurnley,TEST-Hamilton Bulldogs,BC,2022-01-23
1,TEST-JuliusPatel,TEST-TEST-JuliusPatel,TEST-Sault Ste. Marie Greyhounds,SK,2022-02-26
5,TEST-MargotHarrison,TEST-TEST-MargotHarrison,TEST-North Bay Battalion,NT,2022-03-02
8,TEST-JasmineAshley,TEST-TEST-JasmineAshley,TEST-Barrie Colts,ON,2022-02-24
2,TEST-VanessaWoods,TEST-TEST-VanessaWoods,TEST-Sarnia Sting,MB,2022-01-03
2,TEST-MarvinGibbons,TEST-TEST-MarvinGibbons,TEST-Kingston Frontenacs,PE,2022-02-11
8,TEST-MaxwellBell,TEST-TEST-MaxwellBell,TEST-Sarnia Sting,MB,2022-02-23
10,TEST-MadelynCarter,TEST-TEST-MadelynCarter,TEST-Barrie Colts,ON,2022-02-27
2,TEST-JackWard,TEST-TEST-JackWard,TEST-Barrie Colts,ON,2022-01-29
8,TEST-SofieBurge,TEST-TEST-SofieBurge,TEST-Windsor Spitfires,AB,2022-01-21
1,TEST-ChelseaUpton,TEST-TEST-ChelseaUpton,TEST-Niagara IceDogs,QC,2022-01-22
1,TEST-CarissaBooth,TEST-TEST-CarissaBooth,TEST-Kingston Frontenacs,PE,2022-01-16
2,TEST-AlexHarris,TEST-TEST-AlexHarris,TEST-Sault Ste. Marie Greyhounds,SK,2022-02-20
8,TEST-EmelyWaterhouse,TEST-TEST-EmelyWaterhouse,TEST-Sault Ste. Marie Greyhounds,SK,2022-03-01
5,TEST-TonyLee,TEST-TEST-TonyLee,TEST-Peterborough Petes,YT,2022-02-21
4,TEST-WadeGoodman,TEST-TEST-WadeGoodman,TEST-London Knights,NL,2022-02-09
1,TEST-AlexanderSpencer,TEST-TEST-AlexanderSpencer,TEST-Ottawa 67's,BC,2022-01-19
5,TEST-AdalindVane,TEST-TEST-AdalindVane,TEST-Peterborough Petes,YT,2022-01-30
8,TEST-NinaStone,TEST-TEST-NinaStone,TEST-Sudbury Wolves,NB,2022-01-11
8,TEST-LeroyFurnell,TEST-TEST-LeroyFurnell,TEST-Ottawa 67's,BC,2022-02-20
1,TEST-RamonEllison,TEST-TEST-RamonEllison,TEST-North Bay Battalion,NT,2022-01-28
7,TEST-AlbaVincent,TEST-TEST-AlbaVincent,TEST-Guelph Storm,NU,2022-01-03
1,TEST-MasonLane,TEST-TEST-MasonLane,TEST-Sudbury Wolves,NB,2022-01-31
9,TEST-LukeDonnelly,TEST-TEST-LukeDonnelly,TEST-Hamilton Bulldogs,BC,2022-02-04
6,TEST-ChadBrown,TEST-TEST-ChadBrown,TEST-Peterborough Petes,YT,2022-02-27
4,TEST-JoshRycroft,TEST-TEST-JoshRycroft,TEST-Oshawa Generals,AB,2022-01-19
9,TEST-LiamCavanagh,TEST-TEST-LiamCavanagh,TEST-North Bay Battalion,NT,2022-02-22
9,TEST-ErickFulton,TEST-TEST-ErickFulton,TEST-Barrie Colts,ON,2022-01-11
2,TEST-CourtneyHooper,TEST-TEST-CourtneyHooper,TEST-Oshawa Generals,AB,2022-01-18
8,TEST-MarkAllwood,TEST-TEST-MarkAllwood,TEST-Kitchener Rangers,NS,2022-01-25
2,TEST-NicholasShaw,TEST-TEST-NicholasShaw,TEST-Mississauga Steelheads,MB,2022-02-19
5,TEST-ClaireFranks,TEST-TEST-ClaireFranks,TEST-Owen Sound Attack,NS,2022-01-11
1,TEST-JaydenYates,TEST-TEST-JaydenYates,TEST-Peterborough Petes,YT,2022-01-18
6,TEST-ChesterVeale,TEST-TEST-ChesterVeale,TEST-London Knights,NL,2022-02-26
10,TEST-GeorgeNorton,TEST-TEST-GeorgeNorton,TEST-Oshawa Generals,AB,2022-02-23
1,TEST-RickWalsh,TEST-TEST-RickWalsh,TEST-Guelph Storm,NU,2022-01-24
2,TEST-MeredithAmstead,TEST-TEST-MeredithAmstead,TEST-Sudbury Wolves,NB,2022-01-26
10,TEST-JavierLondon,TEST-TEST-JavierLondon,TEST-Oshawa Generals,AB,2022-01-11
1,TEST-KimberlyHarrington,TEST-TEST-KimberlyHarrington,TEST-Niagara IceDogs,QC,2022-01-31
2,TEST-EmmanuelleStanton,TEST-TEST-EmmanuelleStanton,TEST-Ottawa 67's,BC,2022-02-23
4,TEST-JaneVarley,TEST-TEST-JaneVarley,TEST-Niagara IceDogs,QC,2022-02-18
10,TEST-FionaSmith,TEST-TEST-FionaSmith,TEST-Windsor Spitfires,AB,2022-01-07
9,TEST-BobDwyer,TEST-TEST-BobDwyer,TEST-Peterborough Petes,YT,2022-01-15
8,TEST-AmeliaTate,TEST-TEST-AmeliaTate,TEST-Owen Sound Attack,NS,2022-02-03
4,TEST-MelodyWalsh,TEST-TEST-MelodyWalsh,TEST-Hamilton Bulldogs,BC,2022-02-27
7,TEST-ChristineCarter,TEST-TEST-ChristineCarter,TEST-Ottawa 67's,BC,2022-01-03
3,TEST-LorraineBowen,TEST-TEST-LorraineBowen,TEST-Niagara IceDogs,QC,2022-01-27
4,TEST-CedrickHunter,TEST-TEST-CedrickHunter,TEST-Windsor Spitfires,AB,2022-01-19
2,TEST-RyanVaughan,TEST-TEST-RyanVaughan,TEST-North Bay Battalion,NT,2022-02-08
6,TEST-CarolynWalton,TEST-TEST-CarolynWalton,TEST-Mississauga Steelheads,MB,2022-02-26
5,TEST-JuliusRoman,TEST-TEST-JuliusRoman,TEST-Owen Sound Attack,NS,2022-02-23
2,TEST-EileenGarcia,TEST-TEST-EileenGarcia,TEST-Sudbury Wolves,NB,2022-02-08
10,TEST-MichaelParr,TEST-TEST-MichaelParr,TEST-London Knights,NL,2022-02-24
1,TEST-DomenicThorne,TEST-TEST-DomenicThorne,TEST-Mississauga Steelheads,MB,2022-03-01
10,TEST-JulesNelson,TEST-TEST-JulesNelson,TEST-Sudbury Wolves,NB,2022-02-04
7,TEST-EllenBoyle,TEST-TEST-EllenBoyle,TEST-Owen Sound Attack,NS,2022-02-09
7,TEST-JackelineWilson,TEST-TEST-JackelineWilson,TEST-Oshawa Generals,AB,2022-01-29
5,TEST-TonyMoreno,TEST-TEST-TonyMoreno,TEST-Kitchener Rangers,NS,2022-02-05
10,TEST-LilyLittle,TEST-TEST-LilyLittle,TEST-Ottawa 67's,BC,2022-01-29
1,TEST-NinaHammond,TEST-TEST-NinaHammond,TEST-Barrie Colts,ON,2022-01-01
2,TEST-DaronAntcliff,TEST-TEST-DaronAntcliff,TEST-Peterborough Petes,YT,2022-02-01
4,TEST-RitaFlanders,TEST-TEST-RitaFlanders,TEST-Sarnia Sting,MB,2022-01-31
2,TEST-OwenTodd,TEST-TEST-OwenTodd,TEST-Windsor Spitfires,AB,2022-02-15
4,TEST-SebastianFreeburn,TEST-TEST-SebastianFreeburn,TEST-London Knights,NL,2022-02-02
5,TEST-BenjaminClark,TEST-TEST-BenjaminClark,TEST-Hamilton Bulldogs,BC,2022-02-27
10,TEST-KurtWeston,TEST-TEST-KurtWeston,TEST-North Bay Battalion,NT,2022-01-10
7,TEST-ElijahAndersson,TEST-TEST-ElijahAndersson,TEST-Windsor Spitfires,AB,2022-01-16
8,TEST-KiethMcneill,TEST-TEST-KiethMcneill,TEST-Kitchener Rangers,NS,2022-03-03
9,TEST-AlanSaunders,TEST-TEST-AlanSaunders,TEST-Niagara IceDogs,QC,2022-01-03
9,TEST-GwenythReese,TEST-TEST-GwenythReese,TEST-Ottawa 67's,BC,2022-01-10
1,TEST-MollyBailey,TEST-TEST-MollyBailey,TEST-Hamilton Bulldogs,BC,2022-01-20
8,TEST-ShannonWillson,TEST-TEST-ShannonWillson,TEST-Kingston Frontenacs,PE,2022-01-18
6,TEST-BridgetHood,TEST-TEST-BridgetHood,TEST-Sault Ste. Marie Greyhounds,SK,2022-02-21
3,TEST-LailaRiley,TEST-TEST-LailaRiley,TEST-Niagara IceDogs,QC,2022-01-29
2,TEST-VioletThatcher,TEST-TEST-VioletThatcher,TEST-Hamilton Bulldogs,BC,2022-01-21
8,TEST-RonWilson,TEST-TEST-RonWilson,TEST-Kitchener Rangers,NS,2022-01-15
10,TEST-WendyRogers,TEST-TEST-WendyRogers,TEST-Hamilton Bulldogs,BC,2022-01-11
10,TEST-JoshHobbs,TEST-TEST-JoshHobbs,TEST-Kingston Frontenacs,PE,2022-02-05
8,TEST-ElleLocke,TEST-TEST-ElleLocke,TEST-Ottawa 67's,BC,2022-02-14
4,TEST-LynnWatt,TEST-TEST-LynnWatt,TEST-Owen Sound Attack,NS,2022-02-11
8,TEST-EmelyLomax,TEST-TEST-EmelyLomax,TEST-Windsor Spitfires,AB,2022-02-02
9,TEST-LynnLeslie,TEST-TEST-LynnLeslie,TEST-Hamilton Bulldogs,BC,2022-02-20
3,TEST-BernadetteWalker,TEST-TEST-BernadetteWalker,TEST-Windsor Spitfires,AB,2022-02-20
9,TEST-JoshJordan,TEST-TEST-JoshJordan,TEST-Sudbury Wolves,NB,2022-01-14
9,TEST-AbdulDenton,TEST-TEST-AbdulDenton,TEST-Mississauga Steelheads,MB,2022-01-01
2,TEST-RoccoGordon,TEST-TEST-RoccoGordon,TEST-Hamilton Bulldogs,BC,2022-02-08
1,TEST-DaronNoach,TEST-TEST-DaronNoach,TEST-Windsor Spitfires,AB,2022-02-04
10,TEST-MarilynRoth,TEST-TEST-MarilynRoth,TEST-Oshawa Generals,AB,2022-01-16
9,TEST-BelindaHamilton,TEST-TEST-BelindaHamilton,TEST-Ottawa 67's,BC,2022-01-09
2,TEST-JoyWiddows,TEST-TEST-JoyWiddows,TEST-Kitchener Rangers,NS,2022-01-29
9,TEST-LucasSylvester,TEST-TEST-LucasSylvester,TEST-Barrie Colts,ON,2022-03-03
7,TEST-AbbeyGriffiths,TEST-TEST-AbbeyGriffiths,TEST-Niagara IceDogs,QC,2022-02-05
8,TEST-LukeJarvis,TEST-TEST-LukeJarvis,TEST-North Bay Battalion,NT,2022-01-15
2,TEST-DougSpencer,TEST-TEST-DougSpencer,TEST-Barrie Colts,ON,2022-02-16
7,TEST-ChelseaWilliams,TEST-TEST-ChelseaWilliams,TEST-Niagara IceDogs,QC,2022-02-19
2,TEST-NateOsman,TEST-TEST-NateOsman,TEST-London Knights,NL,2022-02-12
3,TEST-JoshRing,TEST-TEST-JoshRing,TEST-North Bay Battalion,NT,2022-02-19
4,TEST-AnthonyCann,TEST-TEST-AnthonyCann,TEST-Owen Sound Attack,NS,2022-01-05
10,TEST-PaytonSkinner,TEST-TEST-PaytonSkinner,TEST-Guelph Storm,NU,2022-01-24
1,TEST-SamanthaWright,TEST-TEST-SamanthaWright,TEST-Ottawa 67's,BC,2022-01-27
1,TEST-EllenWallace,TEST-TEST-EllenWallace,TEST-Ottawa 67's,BC,2022-03-02
1,TEST-StacyJefferson,TEST-TEST-StacyJefferson,TEST-Kingston Frontenacs,PE,2022-02-18
10,TEST-BradUtterson,TEST-TEST-BradUtterson,TEST-Sault Ste. Marie Greyhounds,SK,2022-01-16
3,TEST-MasonAshwell,TEST-TEST-MasonAshwell,TEST-Oshawa Generals,AB,2022-02-22
4,TEST-BradRadcliffe,TEST-TEST-BradRadcliffe,TEST-Hamilton Bulldogs,BC,2022-01-02
7,TEST-ManuelUtterson,TEST-TEST-ManuelUtterson,TEST-Guelph Storm,NU,2022-02-19
5,TEST-DomenicSpeed,TEST-TEST-DomenicSpeed,TEST-Kitchener Rangers,NS,2022-01-12
7,TEST-GeorgiaCooper,TEST-TEST-GeorgiaCooper,TEST-Hamilton Bulldogs,BC,2022-01-06
10,TEST-DannyTate,TEST-TEST-DannyTate,TEST-Hamilton Bulldogs,BC,2022-01-22
9,TEST-IvyIsaac,TEST-TEST-IvyIsaac,TEST-Kitchener Rangers,NS,2022-01-11
2,TEST-BeatriceThomas,TEST-TEST-BeatriceThomas,TEST-Guelph Storm,NU,2022-01-13
5,TEST-MasonConnor,TEST-TEST-MasonConnor,TEST-Kingston Frontenacs,PE,2022-02-26
4,TEST-MarvinGilbert,TEST-TEST-MarvinGilbert,TEST-Sault Ste. Marie Greyhounds,SK,2022-02-22
6,TEST-CedrickRothwell,TEST-TEST-CedrickRothwell,TEST-Peterborough Petes,YT,2022-01-14
8,TEST-CalebUddin,TEST-TEST-CalebUddin,TEST-Mississauga Steelheads,MB,2022-02-04
5,TEST-DenisTindall,TEST-TEST-DenisTindall,TEST-Guelph Storm,NU,2022-01-13
6,TEST-MollyWarren,TEST-TEST-MollyWarren,TEST-Owen Sound Attack,NS,2022-02-16
3,TEST-ClintTailor,TEST-TEST-ClintTailor,TEST-London Knights,NL,2022-01-28
3,TEST-ManuelSnell,TEST-TEST-ManuelSnell,TEST-Guelph Storm,NU,2022-01-29
10,TEST-CarolButler,TEST-TEST-CarolButler,TEST-Windsor Spitfires,AB,2022-02-11
3,TEST-ClintPope,TEST-TEST-ClintPope,TEST-Windsor Spitfires,AB,2022-01-06
2,TEST-BorisRichards,TEST-TEST-BorisRichards,TEST-London Knights,NL,2022-01-05
5,TEST-RoccoPhillips,TEST-TEST-RoccoPhillips,TEST-Mississauga Steelheads,MB,2022-02-03
7,TEST-HollyGallacher,TEST-TEST-HollyGallacher,TEST-Owen Sound Attack,NS,2022-01-29
7,TEST-AlexaWhite,TEST-TEST-AlexaWhite,TEST-Sarnia Sting,MB,2022-02-13
4,TEST-JuliusJeffery,TEST-TEST-JuliusJeffery,TEST-Windsor Spitfires,AB,2022-02-25
8,TEST-RonPierce,TEST-TEST-RonPierce,TEST-Windsor Spitfires,AB,2022-02-13
10,TEST-MarjorieRichardson,TEST-TEST-MarjorieRichardson,TEST-London Knights,NL,2022-01-17
9,TEST-EllyFreeburn,TEST-TEST-EllyFreeburn,TEST-Sault Ste. Marie Greyhounds,SK,2022-02-19
1,TEST-JoyWalter,TEST-TEST-JoyWalter,TEST-Kitchener Rangers,NS,2022-02-05
2,TEST-AnthonyFlack,TEST-TEST-AnthonyFlack,TEST-Kingston Frontenacs,PE,2022-02-02
2,TEST-LukeWeasley,TEST-TEST-LukeWeasley,TEST-Peterborough Petes,YT,2022-01-30
2,TEST-ChesterRichards,TEST-TEST-ChesterRichards,TEST-Mississauga Steelheads,MB,2022-02-27
2,TEST-BarryThomas,TEST-TEST-BarryThomas,TEST-Kitchener Rangers,NS,2022-02-08
8,TEST-LucasRivers,TEST-TEST-LucasRivers,TEST-Mississauga Steelheads,MB,2022-01-10
1,TEST-DaronKirby,TEST-TEST-DaronKirby,TEST-Hamilton Bulldogs,BC,2022-02-17
6,TEST-PercySpeed,TEST-TEST-PercySpeed,TEST-Hamilton Bulldogs,BC,2022-02-26
3,TEST-BarneyWild,TEST-TEST-BarneyWild,TEST-Sarnia Sting,MB,2022-02-08
10,TEST-CaitlynBaxter,TEST-TEST-CaitlynBaxter,TEST-Owen Sound Attack,NS,2022-02-05
7,TEST-JulianSmith,TEST-TEST-JulianSmith,TEST-Barrie Colts,ON,2022-02-15
6,TEST-JaydenVangness,TEST-TEST-JaydenVangness,TEST-Barrie Colts,ON,2022-02-05
1,TEST-CarlRodwell,TEST-TEST-CarlRodwell,TEST-Sault Ste. Marie Greyhounds,SK,2022-02-26
5,TEST-JazminClifford,TEST-TEST-JazminClifford,TEST-Kitchener Rangers,NS,2022-01-07
2,TEST-BobBrennan,TEST-TEST-BobBrennan,TEST-Niagara IceDogs,QC,2022-02-16
5,TEST-AleksandraRussell,TEST-TEST-AleksandraRussell,TEST-Ottawa 67's,BC,2022-02-27
8,TEST-BenjaminPenn,TEST-TEST-BenjaminPenn,TEST-Kitchener Rangers,NS,2022-02-13
8,TEST-LunaPitt,TEST-TEST-LunaPitt,TEST-London Knights,NL,2022-01-09
10,TEST-JoyWarden,TEST-TEST-JoyWarden,TEST-Sault Ste. Marie Greyhounds,SK,2022-02-21
2,TEST-MollyDunbar,TEST-TEST-MollyDunbar,TEST-Kitchener Rangers,NS,2022-03-03
8,TEST-LillianNurton,TEST-TEST-LillianNurton,TEST-Peterborough Petes,YT,2022-02-27
1,TEST-RonIrving,TEST-TEST-RonIrving,TEST-Owen Sound Attack,NS,2022-03-03
3,TEST-DannyAtkinson,TEST-TEST-DannyAtkinson,TEST-Hamilton Bulldogs,BC,2022-03-02
4,TEST-AngelinaWarren,TEST-TEST-AngelinaWarren,TEST-Sarnia Sting,MB,2022-02-07
8,TEST-ManuelHill,TEST-TEST-ManuelHill,TEST-Barrie Colts,ON,2022-02-18
5,TEST-NorahPlumb,TEST-TEST-NorahPlumb,TEST-North Bay Battalion,NT,2022-02-10
3,TEST-AdalieCamden,TEST-TEST-AdalieCamden,TEST-Niagara IceDogs,QC,2022-03-02
4,TEST-RufusYarwood,TEST-TEST-RufusYarwood,TEST-Kitchener Rangers,NS,2022-02-28
6,TEST-DannyCarpenter,TEST-TEST-DannyCarpenter,TEST-Niagara IceDogs,QC,2022-01-02
2,TEST-AnaliseCarter,TEST-TEST-AnaliseCarter,TEST-Ottawa 67's,BC,2022-02-25
10,TEST-AngeliqueAlcroft,TEST-TEST-AngeliqueAlcroft,TEST-Niagara IceDogs,QC,2022-01-25
1,TEST-EthanRodwell,TEST-TEST-EthanRodwell,TEST-Barrie Colts,ON,2022-01-12
1,TEST-JayleneMann,TEST-TEST-JayleneMann,TEST-Owen Sound Attack,NS,2022-01-05
3,TEST-JohnathanCasey,TEST-TEST-JohnathanCasey,TEST-London Knights,NL,2022-02-18
4,TEST-ErynPowell,TEST-TEST-ErynPowell,TEST-Hamilton Bulldogs,BC,2022-02-14
7,TEST-BethanyBenfield,TEST-TEST-BethanyBenfield,TEST-Mississauga Steelheads,MB,2022-01-11
7,TEST-ManuelEmmett,TEST-TEST-ManuelEmmett,TEST-Kitchener Rangers,NS,2022-01-06
8,TEST-ChadwickJenkins,TEST-TEST-ChadwickJenkins,TEST-Hamilton Bulldogs,BC,2022-01-07
5,TEST-MaxwellSimpson,TEST-TEST-MaxwellSimpson,TEST-Oshawa Generals,AB,2022-01-23
3,TEST-AlanNobbs,TEST-TEST-AlanNobbs,TEST-Peterborough Petes,YT,2022-01-20
5,TEST-ManuelAllcott,TEST-TEST-ManuelAllcott,TEST-Sudbury Wolves,NB,2022-01-12
10,TEST-JaneThomson,TEST-TEST-JaneThomson,TEST-Windsor Spitfires,AB,2022-01-08
4,TEST-ElijahMurray,TEST-TEST-ElijahMurray,TEST-Mississauga Steelheads,MB,2022-01-05
3,TEST-AngeliqueUddin,TEST-TEST-AngeliqueUddin,TEST-Sarnia Sting,MB,2022-02-16
7,TEST-RyanSanchez,TEST-TEST-RyanSanchez,TEST-Kingston Frontenacs,PE,2022-01-08
8,TEST-FredGates,TEST-TEST-FredGates,TEST-Kingston Frontenacs,PE,2022-01-29
1,TEST-FredMorrow,TEST-TEST-FredMorrow,TEST-Sudbury Wolves,NB,2022-02-14
9,TEST-JulietPond,TEST-TEST-JulietPond,TEST-Niagara IceDogs,QC,2022-02-07
2,TEST-AlbaArcher,TEST-TEST-AlbaArcher,TEST-London Knights,NL,2022-01-23
5,TEST-WendyPurvis,TEST-TEST-WendyPurvis,TEST-Niagara IceDogs,QC,2022-02-22
2,TEST-PhoebeVincent,TEST-TEST-PhoebeVincent,TEST-Mississauga Steelheads,MB,2022-02-20
3,TEST-JenniferDavies,TEST-TEST-JenniferDavies,TEST-Niagara IceDogs,QC,2022-02-25
7,TEST-CamdenDubois,TEST-TEST-CamdenDubois,TEST-North Bay Battalion,NT,2022-01-15
5,TEST-ValentinaPatel,TEST-TEST-ValentinaPatel,TEST-London Knights,NL,2022-01-08
2,TEST-MarvinWalker,TEST-TEST-MarvinWalker,TEST-Barrie Colts,ON,2022-02-27
9,TEST-JackPalmer,TEST-TEST-JackPalmer,TEST-Owen Sound Attack,NS,2022-01-14
1,TEST-RihannaFisher,TEST-TEST-RihannaFisher,TEST-Niagara IceDogs,QC,2022-01-01
1,TEST-MarigoldEdmonds,TEST-TEST-MarigoldEdmonds,TEST-Kingston Frontenacs,PE,2022-02-13
8,TEST-SageClarkson,TEST-TEST-SageClarkson,TEST-Kitchener Rangers,NS,2022-03-01
1,TEST-SylviaOgilvy,TEST-TEST-SylviaOgilvy,TEST-Mississauga Steelheads,MB,2022-02-24
8,TEST-JavierTennant,TEST-TEST-JavierTennant,TEST-Owen Sound Attack,NS,2022-01-22
7,TEST-ChrisBentley,TEST-TEST-ChrisBentley,TEST-Hamilton Bulldogs,BC,2022-01-23
10,TEST-HarryMichael,TEST-TEST-HarryMichael,TEST-Sarnia Sting,MB,2022-02-06
7,TEST-AnthonyLucas,TEST-TEST-AnthonyLucas,TEST-Niagara IceDogs,QC,2022-01-31
5,TEST-StephanieVentura,TEST-TEST-StephanieVentura,TEST-Oshawa Generals,AB,2022-02-28
8,TEST-CarolCamden,TEST-TEST-CarolCamden,TEST-Mississauga Steelheads,MB,2022-02-06
8,TEST-SashaGrey,TEST-TEST-SashaGrey,TEST-Windsor Spitfires,AB,2022-02-16
2,TEST-GinaPatel,TEST-TEST-GinaPatel,TEST-Peterborough Petes,YT,2022-01-20
3,TEST-LeahVeale,TEST-TEST-LeahVeale,TEST-Ottawa 67's,BC,2022-02-06
3,TEST-AlmaHilton,TEST-TEST-AlmaHilton,TEST-Sudbury Wolves,NB,2022-01-01
6,TEST-RaquelHastings,TEST-TEST-RaquelHastings,TEST-Sudbury Wolves,NB,2022-01-31
6,TEST-JohnnyBooth,TEST-TEST-JohnnyBooth,TEST-North Bay Battalion,NT,2022-02-17
2,TEST-BritneyCork,TEST-TEST-BritneyCork,TEST-Owen Sound Attack,NS,2022-01-19
2,TEST-EmmaFarrell,TEST-TEST-EmmaFarrell,TEST-Sudbury Wolves,NB,2022-01-09
2,TEST-CarolynPrice,TEST-TEST-CarolynPrice,TEST-Niagara IceDogs,QC,2022-01-10
2,TEST-MichaelOwen,TEST-TEST-MichaelOwen,TEST-Sudbury Wolves,NB,2022-02-08
7,TEST-CrystalRobertson,TEST-TEST-CrystalRobertson,TEST-Owen Sound Attack,NS,2022-02-22
9,TEST-ManuelDubois,TEST-TEST-ManuelDubois,TEST-Ottawa 67's,BC,2022-01-19
4,TEST-HavanaLittle,TEST-TEST-HavanaLittle,TEST-Guelph Storm,NU,2022-02-09
9,TEST-AdaFlanders,TEST-TEST-AdaFlanders,TEST-Hamilton Bulldogs,BC,2022-01-30
9,TEST-DenisSaunders,TEST-TEST-DenisSaunders,TEST-Barrie Colts,ON,2022-01-17
3,TEST-IvettePotter,TEST-TEST-IvettePotter,TEST-Ottawa 67's,BC,2022-02-24
8,TEST-GraceReynolds,TEST-TEST-GraceReynolds,TEST-Oshawa Generals,AB,2022-02-24
8,TEST-MarvinRose,TEST-TEST-MarvinRose,TEST-Sudbury Wolves,NB,2022-02-20
6,TEST-JohnEllis,TEST-TEST-JohnEllis,TEST-Barrie Colts,ON,2022-02-17
10,TEST-SofieColl,TEST-TEST-SofieColl,TEST-Oshawa Generals,AB,2022-01-22
8,TEST-RyleeSaunders,TEST-TEST-RyleeSaunders,TEST-Owen Sound Attack,NS,2022-01-16
8,TEST-AudreyAshley,TEST-TEST-AudreyAshley,TEST-Sault Ste. Marie Greyhounds,SK,2022-02-16
7,TEST-SebastianRogan,TEST-TEST-SebastianRogan,TEST-Owen Sound Attack,NS,2022-02-20
3,TEST-KatelynSimpson,TEST-TEST-KatelynSimpson,TEST-Niagara IceDogs,QC,2022-02-25
9,TEST-SelenaTate,TEST-TEST-SelenaTate,TEST-Peterborough Petes,YT,2022-03-03
3,TEST-LoganRussel,TEST-TEST-LoganRussel,TEST-Windsor Spitfires,AB,2022-02-10
4,TEST-GeorgeParker,TEST-TEST-GeorgeParker,TEST-Owen Sound Attack,NS,2022-01-03
1,TEST-ChadHolt,TEST-TEST-ChadHolt,TEST-Niagara IceDogs,QC,2022-02-19
8,TEST-EmmanuelleShea,TEST-TEST-EmmanuelleShea,TEST-Kitchener Rangers,NS,2022-01-27
9,TEST-LukeEdley,TEST-TEST-LukeEdley,TEST-Mississauga Steelheads,MB,2022-01-11
6,TEST-GretaHamilton,TEST-TEST-GretaHamilton,TEST-Ottawa 67's,BC,2022-03-01
8,TEST-MarlaEvans,TEST-TEST-MarlaEvans,TEST-Sudbury Wolves,NB,2022-01-25
10,TEST-MattShepherd,TEST-TEST-MattShepherd,TEST-Ottawa 67's,BC,2022-01-18
3,TEST-KateMcguire,TEST-TEST-KateMcguire,TEST-London Knights,NL,2022-01-13
4,TEST-CamilaCalderwood,TEST-TEST-CamilaCalderwood,TEST-Sarnia Sting,MB,2022-01-17
3,TEST-SebastianCowan,TEST-TEST-SebastianCowan,TEST-Windsor Spitfires,AB,2022-02-21
1,TEST-PiperWright,TEST-TEST-PiperWright,TEST-Owen Sound Attack,NS,2022-03-01
2,TEST-MarigoldRussell,TEST-TEST-MarigoldRussell,TEST-London Knights,NL,2022-01-20
4,TEST-CamilaGray,TEST-TEST-CamilaGray,TEST-Peterborough Petes,YT,2022-01-03
3,TEST-RaquelCampbell,TEST-TEST-RaquelCampbell,TEST-Sudbury Wolves,NB,2022-02-28
4,TEST-EliseSwift,TEST-TEST-EliseSwift,TEST-London Knights,NL,2022-01-05
6,TEST-JosephSummers,TEST-TEST-JosephSummers,TEST-Sudbury Wolves,NB,2022-01-03
5,TEST-AngelicaAllcott,TEST-TEST-AngelicaAllcott,TEST-Mississauga Steelheads,MB,2022-02-08
9,TEST-VivianDrummond,TEST-TEST-VivianDrummond,TEST-Peterborough Petes,YT,2022-01-30
7,TEST-SkylarKnott,TEST-TEST-SkylarKnott,TEST-Sault Ste. Marie Greyhounds,SK,2022-02-16
7,TEST-AlbaWoodley,TEST-TEST-AlbaWoodley,TEST-Guelph Storm,NU,2022-02-21
5,TEST-ErickBooth,TEST-TEST-ErickBooth,TEST-Sudbury Wolves,NB,2022-02-17
4,TEST-RyanGoldsmith,TEST-TEST-RyanGoldsmith,TEST-Kitchener Rangers,NS,2022-01-12
10,TEST-JoycePalmer,TEST-TEST-JoycePalmer,TEST-Kitchener Rangers,NS,2022-01-08
6,TEST-ChrisWhitehouse,TEST-TEST-ChrisWhitehouse,TEST-Oshawa Generals,AB,2022-02-23
8,TEST-JenniferThorne,TEST-TEST-JenniferThorne,TEST-Kingston Frontenacs,PE,2022-01-20
7,TEST-HankClifton,TEST-TEST-HankClifton,TEST-North Bay Battalion,NT,2022-02-25
4,TEST-TonyEdwards,TEST-TEST-TonyEdwards,TEST-Peterborough Petes,YT,2022-02-04
10,TEST-OliverRobe,TEST-TEST-OliverRobe,TEST-Guelph Storm,NU,2022-01-07
4,TEST-MatthewWilde,TEST-TEST-MatthewWilde,TEST-Mississauga Steelheads,MB,2022-02-22
9,TEST-GeorgeWright,TEST-TEST-GeorgeWright,TEST-Peterborough Petes,YT,2022-01-24
2,TEST-AnabelleUtterson,TEST-TEST-AnabelleUtterson,TEST-Sault Ste. Marie Greyhounds,SK,2022-03-01
2,TEST-MargotClayton,TEST-TEST-MargotClayton,TEST-Guelph Storm,NU,2022-02-04
3,TEST-MileyNicolas,TEST-TEST-MileyNicolas,TEST-Sarnia Sting,MB,2022-03-01
8,TEST-RickAllen,TEST-TEST-RickAllen,TEST-Owen Sound Attack,NS,2022-02-06
9,TEST-HankJordan,TEST-TEST-HankJordan,TEST-Ottawa 67's,BC,2022-02-01
5,TEST-ErickSpencer,TEST-TEST-ErickSpencer,TEST-Sault Ste. Marie Greyhounds,SK,2022-01-23
9,TEST-AlexanderDrew,TEST-TEST-AlexanderDrew,TEST-London Knights,NL,2022-01-30
6,TEST-EvieHepburn,TEST-TEST-EvieHepburn,TEST-Hamilton Bulldogs,BC,2022-01-17
5,TEST-BreeSmith,TEST-TEST-BreeSmith,TEST-Sarnia Sting,MB,2022-01-30
2,TEST-AnalisePhillips,TEST-TEST-AnalisePhillips,TEST-Niagara IceDogs,QC,2022-02-02
8,TEST-HankEdwards,TEST-TEST-HankEdwards,TEST-Peterborough Petes,YT,2022-02-08
10,TEST-AliceMurphy,TEST-TEST-AliceMurphy,TEST-Mississauga Steelheads,MB,2022-01-17
2,TEST-GwenSwift,TEST-TEST-GwenSwift,TEST-Hamilton Bulldogs,BC,2022-01-21
5,TEST-BartSlater,TEST-TEST-BartSlater,TEST-Guelph Storm,NU,2022-01-11
9,TEST-ShayKnott,TEST-TEST-ShayKnott,TEST-Sudbury Wolves,NB,2022-02-05
4,TEST-MikeBaker,TEST-TEST-MikeBaker,TEST-Barrie Colts,ON,2022-01-21
5,TEST-DougHarper,TEST-TEST-DougHarper,TEST-Windsor Spitfires,AB,2022-01-05
4,TEST-ErickKnight,TEST-TEST-ErickKnight,TEST-Sudbury Wolves,NB,2022-01-17
9,TEST-DarleneEllery,TEST-TEST-DarleneEllery,TEST-Peterborough Petes,YT,2022-01-15
10,TEST-TomAppleton,TEST-TEST-TomAppleton,TEST-Owen Sound Attack,NS,2022-02-03
7,TEST-BernadetteNorton,TEST-TEST-BernadetteNorton,TEST-North Bay Battalion,NT,2022-02-07
2,TEST-GretaHealy,TEST-TEST-GretaHealy,TEST-Peterborough Petes,YT,2022-02-16
4,TEST-BridgetAndersson,TEST-TEST-BridgetAndersson,TEST-Guelph Storm,NU,2022-01-27
6,TEST-KamilaJarvis,TEST-TEST-KamilaJarvis,TEST-Windsor Spitfires,AB,2022-02-08
9,TEST-JulianBradshaw,TEST-TEST-JulianBradshaw,TEST-Ottawa 67's,BC,2022-02-03
4,TEST-JohnathanAllen,TEST-TEST-JohnathanAllen,TEST-Hamilton Bulldogs,BC,2022-01-29
8,TEST-EthanNash,TEST-TEST-EthanNash,TEST-Sarnia Sting,MB,2022-02-22
5,TEST-ErickFox,TEST-TEST-ErickFox,TEST-Owen Sound Attack,NS,2022-01-16
4,TEST-JoyMackenzie,TEST-TEST-JoyMackenzie,TEST-Kitchener Rangers,NS,2022-01-04
4,TEST-RogerOgilvy,TEST-TEST-RogerOgilvy,TEST-London Knights,NL,2022-02-05
3,TEST-ChrisBarclay,TEST-TEST-ChrisBarclay,TEST-Peterborough Petes,YT,2022-03-03
4,TEST-TonyPond,TEST-TEST-TonyPond,TEST-Peterborough Petes,YT,2022-02-11
9,TEST-SaraSamuel,TEST-TEST-SaraSamuel,TEST-Windsor Spitfires,AB,2022-02-20
10,TEST-BritneyDrummond,TEST-TEST-BritneyDrummond,TEST-Sudbury Wolves,NB,2022-01-08
3,TEST-ElijahMorgan,TEST-TEST-ElijahMorgan,TEST-North Bay Battalion,NT,2022-01-01
7,TEST-GemmaMartin,TEST-TEST-GemmaMartin,TEST-Ottawa 67's,BC,2022-01-05
1,TEST-SageHunter,TEST-TEST-SageHunter,TEST-Mississauga Steelheads,MB,2022-01-22
10,TEST-KassandraFulton,TEST-TEST-KassandraFulton,TEST-Sault Ste. Marie Greyhounds,SK,2022-02-27
5,TEST-MasonWoods,TEST-TEST-MasonWoods,TEST-Oshawa Generals,AB,2022-02-24
8,TEST-JuliusRose,TEST-TEST-JuliusRose,TEST-Owen Sound Attack,NS,2022-02-04
1,TEST-RonaldWillis,TEST-TEST-RonaldWillis,TEST-Barrie Colts,ON,2022-01-17
5,TEST-BritneyShepherd,TEST-TEST-BritneyShepherd,TEST-Peterborough Petes,YT,2022-03-01
7,TEST-RubyRodwell,TEST-TEST-RubyRodwell,TEST-Kitchener Rangers,NS,2022-02-10
10,TEST-StacyFulton,TEST-TEST-StacyFulton,TEST-Sudbury Wolves,NB,2022-01-30
4,TEST-LeroyPrice,TEST-TEST-LeroyPrice,TEST-Guelph Storm,NU,2022-01-16
5,TEST-BradPage,TEST-TEST-BradPage,TEST-Oshawa Generals,AB,2022-01-30
10,TEST-HollyJenkin,TEST-TEST-HollyJenkin,TEST-Ottawa 67's,BC,2022-03-02
10,TEST-KarenRycroft,TEST-TEST-KarenRycroft,TEST-Sarnia Sting,MB,2022-03-03
6,TEST-SamaraIngram,TEST-TEST-SamaraIngram,TEST-Mississauga Steelheads,MB,2022-01-30
9,TEST-MarilynYoman,TEST-TEST-MarilynYoman,TEST-Windsor Spitfires,AB,2022-01-05
6,TEST-JohnathanKing,TEST-TEST-JohnathanKing,TEST-Ottawa 67's,BC,2022-02-15
6,TEST-DianeHastings,TEST-TEST-DianeHastings,TEST-Guelph Storm,NU,2022-01-28
10,TEST-PeterKent,TEST-TEST-PeterKent,TEST-Barrie Colts,ON,2022-01-10
4,TEST-AnthonyStone,TEST-TEST-AnthonyStone,TEST-Barrie Colts,ON,2022-02-03
6,TEST-LexiBurnley,TEST-TEST-LexiBurnley,TEST-Niagara IceDogs,QC,2022-02-10
6,TEST-RosaleeBriggs,TEST-TEST-RosaleeBriggs,TEST-Sarnia Sting,MB,2022-02-25
1,TEST-GretaDickson,TEST-TEST-GretaDickson,TEST-Oshawa Generals,AB,2022-01-16
9,TEST-LukeTurner,TEST-TEST-LukeTurner,TEST-Peterborough Petes,YT,2022-02-24
9,TEST-ClarissaClayton,TEST-TEST-ClarissaClayton,TEST-Kingston Frontenacs,PE,2022-02-06
7,TEST-BreeAddison,TEST-TEST-BreeAddison,TEST-Niagara IceDogs,QC,2022-01-09
10,TEST-OliverGiles,TEST-TEST-OliverGiles,TEST-Sudbury Wolves,NB,2022-02-14
6,TEST-CamelliaCooper,TEST-TEST-CamelliaCooper,TEST-Kitchener Rangers,NS,2022-01-13
2,TEST-SamaraDevonport,TEST-TEST-SamaraDevonport,TEST-Oshawa Generals,AB,2022-02-22
9,TEST-ColleenKnight,TEST-TEST-ColleenKnight,TEST-Guelph Storm,NU,2022-03-01
5,TEST-AureliaJames,TEST-TEST-AureliaJames,TEST-Kingston Frontenacs,PE,2022-02-06
7,TEST-RowanLloyd,TEST-TEST-RowanLloyd,TEST-Owen Sound Attack,NS,2022-01-15
1,TEST-BorisMorgan,TEST-TEST-BorisMorgan,TEST-Niagara IceDogs,QC,2022-02-18
9,TEST-RoseEdler,TEST-TEST-RoseEdler,TEST-Niagara IceDogs,QC,2022-02-24
3,TEST-KarlaTorres,TEST-TEST-KarlaTorres,TEST-Hamilton Bulldogs,BC,2022-03-02
1,TEST-KurtClark,TEST-TEST-KurtClark,TEST-Owen Sound Attack,NS,2022-01-27
7,TEST-ChrisBoden,TEST-TEST-ChrisBoden,TEST-Owen Sound Attack,NS,2022-01-17
5,TEST-NoahTyler,TEST-TEST-NoahTyler,TEST-London Knights,NL,2022-02-28
7,TEST-RonPower,TEST-TEST-RonPower,TEST-Mississauga Steelheads,MB,2022-01-28
1,TEST-RoccoDrake,TEST-TEST-RoccoDrake,TEST-London Knights,NL,2022-01-10
4,TEST-ErickChester,TEST-TEST-ErickChester,TEST-Kingston Frontenacs,PE,2022-02-06
4,TEST-MacyYork,TEST-TEST-MacyYork,TEST-North Bay Battalion,NT,2022-02-27
5,TEST-DougUpsdell,TEST-TEST-DougUpsdell,TEST-Sudbury Wolves,NB,2022-01-03
2,TEST-HenryMcgee,TEST-TEST-HenryMcgee,TEST-Mississauga Steelheads,MB,2022-02-03
7,TEST-EthanWhitmore,TEST-TEST-EthanWhitmore,TEST-Kingston Frontenacs,PE,2022-02-27
10,TEST-RufusKent,TEST-TEST-RufusKent,TEST-Sarnia Sting,MB,2022-01-01
8,TEST-SabrinaRaven,TEST-TEST-SabrinaRaven,TEST-Ottawa 67's,BC,2022-02-28
4,TEST-LeroyPowell,TEST-TEST-LeroyPowell,TEST-Hamilton Bulldogs,BC,2022-01-28
2,TEST-HarveyGiles,TEST-TEST-HarveyGiles,TEST-Owen Sound Attack,NS,2022-02-26
2,TEST-TaniaCarson,TEST-TEST-TaniaCarson,TEST-Hamilton Bulldogs,BC,2022-02-09
1,TEST-AlisonSimpson,TEST-TEST-AlisonSimpson,TEST-Owen Sound Attack,NS,2022-01-14
8,TEST-JacquelineMorris,TEST-TEST-JacquelineMorris,TEST-Sarnia Sting,MB,2022-02-23
7,TEST-ElenaKennedy,TEST-TEST-ElenaKennedy,TEST-Owen Sound Attack,NS,2022-02-21
7,TEST-BristolWood,TEST-TEST-BristolWood,TEST-Niagara IceDogs,QC,2022-01-05
5,TEST-MarkMarshall,TEST-TEST-MarkMarshall,TEST-Barrie Colts,ON,2022-02-02
2,TEST-VickyParker,TEST-TEST-VickyParker,TEST-Owen Sound Attack,NS,2022-01-18
5,TEST-LoganPowell,TEST-TEST-LoganPowell,TEST-Guelph Storm,NU,2022-01-10
4,TEST-RoseKennedy,TEST-TEST-RoseKennedy,TEST-Owen Sound Attack,NS,2022-02-23
5,TEST-RachaelYoung,TEST-TEST-RachaelYoung,TEST-Mississauga Steelheads,MB,2022-02-25
5,TEST-JohnathanGilmore,TEST-TEST-JohnathanGilmore,TEST-Barrie Colts,ON,2022-02-14
10,TEST-MaraBriggs,TEST-TEST-MaraBriggs,TEST-Sudbury Wolves,NB,2022-02-05
8,TEST-EnochGrey,TEST-TEST-EnochGrey,TEST-Ottawa 67's,BC,2022-02-08
8,TEST-CedrickRadley,TEST-TEST-CedrickRadley,TEST-Guelph Storm,NU,2022-02-09
3,TEST-HarveyJones,TEST-TEST-HarveyJones,TEST-Sault Ste. Marie Greyhounds,SK,2022-02-22
10,TEST-ReginaTyler,TEST-TEST-ReginaTyler,TEST-Guelph Storm,NU,2022-02-06
1,TEST-MarigoldBayliss,TEST-TEST-MarigoldBayliss,TEST-Mississauga Steelheads,MB,2022-02-24
8,TEST-CaraSmith,TEST-TEST-CaraSmith,TEST-Guelph Storm,NU,2022-01-31
3,TEST-SelenaOlivier,TEST-TEST-SelenaOlivier,TEST-Sudbury Wolves,NB,2022-02-09
6,TEST-MarvinWarren,TEST-TEST-MarvinWarren,TEST-Barrie Colts,ON,2022-01-18
5,TEST-ZoeSloan,TEST-TEST-ZoeSloan,TEST-Sarnia Sting,MB,2022-01-10
5,TEST-MackenzieWhinter,TEST-TEST-MackenzieWhinter,TEST-Oshawa Generals,AB,2022-02-27
2,TEST-JohnathanNeedham,TEST-TEST-JohnathanNeedham,TEST-Sault Ste. Marie Greyhounds,SK,2022-01-17
7,TEST-EthanStevenson,TEST-TEST-EthanStevenson,TEST-London Knights,NL,2022-01-31
2,TEST-FredRogers,TEST-TEST-FredRogers,TEST-Oshawa Generals,AB,2022-02-02
2,TEST-OwenArmstrong,TEST-TEST-OwenArmstrong,TEST-Kingston Frontenacs,PE,2022-01-07
6,TEST-BarryEdwards,TEST-TEST-BarryEdwards,TEST-Sault Ste. Marie Greyhounds,SK,2022-02-03
9,TEST-AlexMcguire,TEST-TEST-AlexMcguire,TEST-Kingston Frontenacs,PE,2022-01-18
10,TEST-TysonAllington,TEST-TEST-TysonAllington,TEST-Owen Sound Attack,NS,2022-02-15
9,TEST-PhoebeFarmer,TEST-TEST-PhoebeFarmer,TEST-Barrie Colts,ON,2022-01-18
10,TEST-MandyEbbs,TEST-TEST-MandyEbbs,TEST-Mississauga Steelheads,MB,2022-01-31
10,TEST-RamonLewis,TEST-TEST-RamonLewis,TEST-Owen Sound Attack,NS,2022-01-27
4,TEST-CharlizePowell,TEST-TEST-CharlizePowell,TEST-Kingston Frontenacs,PE,2022-01-02
3,TEST-MartinHerbert,TEST-TEST-MartinHerbert,TEST-Peterborough Petes,YT,2022-01-20
3,TEST-JasmineCann,TEST-TEST-JasmineCann,TEST-Mississauga Steelheads,MB,2022-01-03
2,TEST-ClintRoth,TEST-TEST-ClintRoth,TEST-Mississauga Steelheads,MB,2022-01-14
6,TEST-TysonSteer,TEST-TEST-TysonSteer,TEST-Sudbury Wolves,NB,2022-01-21
4,TEST-DomenicHaines,TEST-TEST-DomenicHaines,TEST-North Bay Battalion,NT,2022-01-03
10,TEST-StephaniePurvis,TEST-TEST-StephaniePurvis,TEST-Peterborough Petes,YT,2022-02-21
5,TEST-TheaBentley,TEST-TEST-TheaBentley,TEST-Mississauga Steelheads,MB,2022-02-01
1,TEST-VickyBryson,TEST-TEST-VickyBryson,TEST-Sarnia Sting,MB,2022-01-15
9,TEST-AerisRalph,TEST-TEST-AerisRalph,TEST-Owen Sound Attack,NS,2022-02-06
10,TEST-CaitlynBurge,TEST-TEST-CaitlynBurge,TEST-Owen Sound Attack,NS,2022-02-08
8,TEST-BobDillon,TEST-TEST-BobDillon,TEST-Peterborough Petes,YT,2022-02-12
4,TEST-AllyThorpe,TEST-TEST-AllyThorpe,TEST-London Knights,NL,2022-01-11
8,TEST-JohnathanNayler,TEST-TEST-JohnathanNayler,TEST-Owen Sound Attack,NS,2022-01-22
3,TEST-GwenythShields,TEST-TEST-GwenythShields,TEST-Ottawa 67's,BC,2022-02-02
1,TEST-RonaldPurvis,TEST-TEST-RonaldPurvis,TEST-Niagara IceDogs,QC,2022-01-18
2,TEST-SadieGriffiths,TEST-TEST-SadieGriffiths,TEST-Oshawa Generals,AB,2022-01-21
1,TEST-LoganWalton,TEST-TEST-LoganWalton,TEST-Sault Ste. Marie Greyhounds,SK,2022-02-20
4,TEST-AdelineEyres,TEST-TEST-AdelineEyres,TEST-Owen Sound Attack,NS,2022-01-10
6,TEST-DaronDriscoll,TEST-TEST-DaronDriscoll,TEST-Guelph Storm,NU,2022-01-29
1,TEST-BridgetClifford,TEST-TEST-BridgetClifford,TEST-Kitchener Rangers,NS,2022-03-03
8,TEST-BradOldfield,TEST-TEST-BradOldfield,TEST-Sarnia Sting,MB,2022-03-02
9,TEST-LoganCrawley,TEST-TEST-LoganCrawley,TEST-Owen Sound Attack,NS,2022-02-21
6,TEST-DennySkinner,TEST-TEST-DennySkinner,TEST-Sault Ste. Marie Greyhounds,SK,2022-02-13
5,TEST-MariaAllen,TEST-TEST-MariaAllen,TEST-Sarnia Sting,MB,2022-01-27
8,TEST-DanielVilliger,TEST-TEST-DanielVilliger,TEST-North Bay Battalion,NT,2022-01-31
10,TEST-ElisabethPurvis,TEST-TEST-ElisabethPurvis,TEST-Kitchener Rangers,NS,2022-02-08
1,TEST-SofieAldridge,TEST-TEST-SofieAldridge,TEST-Mississauga Steelheads,MB,2022-03-03
1,TEST-RaeRedden,TEST-TEST-RaeRedden,TEST-Kitchener Rangers,NS,2022-02-14
7,TEST-WendyMalone,TEST-TEST-WendyMalone,TEST-Sault Ste. Marie Greyhounds,SK,2022-02-09
10,TEST-TysonWigley,TEST-TEST-TysonWigley,TEST-Sault Ste. Marie Greyhounds,SK,2022-02-24
5,TEST-LiamFunnell,TEST-TEST-LiamFunnell,TEST-Niagara IceDogs,QC,2022-02-23
1,TEST-DougOakley,TEST-TEST-DougOakley,TEST-Mississauga Steelheads,MB,2022-02-01
10,TEST-RoccoPickard,TEST-TEST-RoccoPickard,TEST-London Knights,NL,2022-02-27
3,TEST-GilAlldridge,TEST-TEST-GilAlldridge,TEST-Peterborough Petes,YT,2022-01-07
4,TEST-BartRadley,TEST-TEST-BartRadley,TEST-Owen Sound Attack,NS,2022-01-09
10,TEST-MabelHolmes,TEST-TEST-MabelHolmes,TEST-Niagara IceDogs,QC,2022-02-05
5,TEST-BryonEllwood,TEST-TEST-BryonEllwood,TEST-Sault Ste. Marie Greyhounds,SK,2022-01-29
5,TEST-LexiUttley,TEST-TEST-LexiUttley,TEST-Windsor Spitfires,AB,2022-01-13
4,TEST-EduardoChapman,TEST-TEST-EduardoChapman,TEST-Peterborough Petes,YT,2022-02-21
6,TEST-JohnathanPlumb,TEST-TEST-JohnathanPlumb,TEST-North Bay Battalion,NT,2022-03-01
1,TEST-JoshGraham,TEST-TEST-JoshGraham,TEST-Sault Ste. Marie Greyhounds,SK,2022-02-01
6,TEST-HavanaAllington,TEST-TEST-HavanaAllington,TEST-Kitchener Rangers,NS,2022-01-09
6,TEST-JaylenePrice,TEST-TEST-JaylenePrice,TEST-London Knights,NL,2022-01-12
9,TEST-JosephBell,TEST-TEST-JosephBell,TEST-Ottawa 67's,BC,2022-02-08
8,TEST-LucasCrawley,TEST-TEST-LucasCrawley,TEST-London Knights,NL,2022-02-16
10,TEST-MichaelNorman,TEST-TEST-MichaelNorman,TEST-Mississauga Steelheads,MB,2022-03-01
3,TEST-JacobOatway,TEST-TEST-JacobOatway,TEST-Kitchener Rangers,NS,2022-01-18
7,TEST-RosalieMason,TEST-TEST-RosalieMason,TEST-Kitchener Rangers,NS,2022-02-28
9,TEST-JazminSimpson,TEST-TEST-JazminSimpson,TEST-Hamilton Bulldogs,BC,2022-02-12
2,TEST-NathanFox,TEST-TEST-NathanFox,TEST-Kingston Frontenacs,PE,2022-01-08
3,TEST-KatelynMcneill,TEST-TEST-KatelynMcneill,TEST-Peterborough Petes,YT,2022-02-24
4,TEST-ChloeTownend,TEST-TEST-ChloeTownend,TEST-Barrie Colts,ON,2022-01-30
4,TEST-BorisClarkson,TEST-TEST-BorisClarkson,TEST-Peterborough Petes,YT,2022-02-01
10,TEST-FreyaHogg,TEST-TEST-FreyaHogg,TEST-Kitchener Rangers,NS,2022-01-20
9,TEST-CarmellaButton,TEST-TEST-CarmellaButton,TEST-Sault Ste. Marie Greyhounds,SK,2022-02-14
6,TEST-MatthewHamilton,TEST-TEST-MatthewHamilton,TEST-Ottawa 67's,BC,2022-01-04
5,TEST-SydneyFleming,TEST-TEST-SydneyFleming,TEST-Kitchener Rangers,NS,2022-01-06
6,TEST-LeroyMartin,TEST-TEST-LeroyMartin,TEST-Sudbury Wolves,NB,2022-01-21
1,TEST-HavanaOsmond,TEST-TEST-HavanaOsmond,TEST-Sault Ste. Marie Greyhounds,SK,2022-02-27
3,TEST-DenisCox,TEST-TEST-DenisCox,TEST-Peterborough Petes,YT,2022-02-10
2,TEST-RusselSherry,TEST-TEST-RusselSherry,TEST-Ottawa 67's,BC,2022-01-19
6,TEST-JulietteGray,TEST-TEST-JulietteGray,TEST-Hamilton Bulldogs,BC,2022-02-13
4,TEST-NicoleWills,TEST-TEST-NicoleWills,TEST-Ottawa 67's,BC,2022-02-15
8,TEST-HavanaWright,TEST-TEST-HavanaWright,TEST-Kingston Frontenacs,PE,2022-02-06
7,TEST-SebastianTerry,TEST-TEST-SebastianTerry,TEST-Guelph Storm,NU,2022-02-19
2,TEST-RosalieHealy,TEST-TEST-RosalieHealy,TEST-Kitchener Rangers,NS,2022-01-02
9,TEST-NathanClarke,TEST-TEST-NathanClarke,TEST-Sarnia Sting,MB,2022-01-16
10,TEST-MayaClark,TEST-TEST-MayaClark,TEST-Niagara IceDogs,QC,2022-02-03
2,TEST-LucasMatthews,TEST-TEST-LucasMatthews,TEST-Niagara IceDogs,QC,2022-01-18
3,TEST-BennyOlson,TEST-TEST-BennyOlson,TEST-Owen Sound Attack,NS,2022-02-07
3,TEST-LaraWalsh,TEST-TEST-LaraWalsh,TEST-London Knights,NL,2022-01-03
6,TEST-EnochBrennan,TEST-TEST-EnochBrennan,TEST-Hamilton Bulldogs,BC,2022-03-03
9,TEST-AnthonyClarke,TEST-TEST-AnthonyClarke,TEST-Barrie Colts,ON,2022-01-27
5,TEST-MarthaCadman,TEST-TEST-MarthaCadman,TEST-Sarnia Sting,MB,2022-02-06
4,TEST-CedrickHeaton,TEST-TEST-CedrickHeaton,TEST-Windsor Spitfires,AB,2022-01-28
2,TEST-CatherineLane,TEST-TEST-CatherineLane,TEST-Hamilton Bulldogs,BC,2022-02-23
7,TEST-KarenForth,TEST-TEST-KarenForth,TEST-Oshawa Generals,AB,2022-01-25
4,TEST-AlessandraUtterson,TEST-TEST-AlessandraUtterson,TEST-Niagara IceDogs,QC,2022-01-19
1,TEST-MartinLucas,TEST-TEST-MartinLucas,TEST-Kitchener Rangers,NS,2022-02-14
6,TEST-NoahVallins,TEST-TEST-NoahVallins,TEST-North Bay Battalion,NT,2022-02-11
10,TEST-TonyKhan,TEST-TEST-TonyKhan,TEST-Sault Ste. Marie Greyhounds,SK,2022-01-29
3,TEST-ScarlettSmith,TEST-TEST-ScarlettSmith,TEST-Kingston Frontenacs,PE,2022-02-25
3,TEST-GeorgeSimpson,TEST-TEST-GeorgeSimpson,TEST-Peterborough Petes,YT,2022-01-17
5,TEST-AlisonCobb,TEST-TEST-AlisonCobb,TEST-Hamilton Bulldogs,BC,2022-01-26
4,TEST-MartinKeys,TEST-TEST-MartinKeys,TEST-Owen Sound Attack,NS,2022-01-14
4,TEST-ChesterSantos,TEST-TEST-ChesterSantos,TEST-Kingston Frontenacs,PE,2022-02-15
2,TEST-DarleneDickson,TEST-TEST-DarleneDickson,TEST-North Bay Battalion,NT,2022-02-27
6,TEST-JavierVernon,TEST-TEST-JavierVernon,TEST-Sault Ste. Marie Greyhounds,SK,2022-02-01
8,TEST-AlexanderWalker,TEST-TEST-AlexanderWalker,TEST-Hamilton Bulldogs,BC,2022-02-13
9,TEST-RufusSherry,TEST-TEST-RufusSherry,TEST-Sault Ste. Marie Greyhounds,SK,2022-01-30
1,TEST-GilEaton,TEST-TEST-GilEaton,TEST-Oshawa Generals,AB,2022-03-03
2,TEST-JuliusJohnson,TEST-TEST-JuliusJohnson,TEST-Kitchener Rangers,NS,2022-01-27
2,TEST-JosephDickson,TEST-TEST-JosephDickson,TEST-North Bay Battalion,NT,2022-02-16
5,TEST-MarissaScott,TEST-TEST-MarissaScott,TEST-Windsor Spitfires,AB,2022-01-02
10,TEST-DennyBrennan,TEST-TEST-DennyBrennan,TEST-Sudbury Wolves,NB,2022-01-02
4,TEST-ErynOgilvy,TEST-TEST-ErynOgilvy,TEST-Guelph Storm,NU,2022-01-12
2,TEST-MeredithCalderwood,TEST-TEST-MeredithCalderwood,TEST-Sarnia Sting,MB,2022-02-19
7,TEST-JulianRobinson,TEST-TEST-JulianRobinson,TEST-Niagara IceDogs,QC,2022-02-08
3,TEST-EileenMullins,TEST-TEST-EileenMullins,TEST-Oshawa Generals,AB,2022-02-05
3,TEST-EveCollins,TEST-TEST-EveCollins,TEST-Guelph Storm,NU,2022-02-27
6,TEST-DougGraham,TEST-TEST-DougGraham,TEST-Guelph Storm,NU,2022-01-23
5,TEST-SonyaRadcliffe,TEST-TEST-SonyaRadcliffe,TEST-Barrie Colts,ON,2022-01-05
1,TEST-NicoleYoung,TEST-TEST-NicoleYoung,TEST-Oshawa Generals,AB,2022-02-12
5,TEST-BennyWoods,TEST-TEST-BennyWoods,TEST-Barrie Colts,ON,2022-01-28
10,TEST-CedrickPratt,TEST-TEST-CedrickPratt,TEST-Mississauga Steelheads,MB,2022-02-24
3,TEST-ShannonAbbot,TEST-TEST-ShannonAbbot,TEST-Ottawa 67's,BC,2022-01-20
4,TEST-JavierLogan,TEST-TEST-JavierLogan,TEST-Ottawa 67's,BC,2022-01-25
6,TEST-DomenicJohnson,TEST-TEST-DomenicJohnson,TEST-Oshawa Generals,AB,2022-02-08
6,TEST-MichaelBaldwin,TEST-TEST-MichaelBaldwin,TEST-London Knights,NL,2022-03-03
4,TEST-NathanParker,TEST-TEST-NathanParker,TEST-Peterborough Petes,YT,2022-01-22
4,TEST-RogerAvery,TEST-TEST-RogerAvery,TEST-Sarnia Sting,MB,2022-02-10
8,TEST-RonVaughan,TEST-TEST-RonVaughan,TEST-Niagara IceDogs,QC,2022-02-04
8,TEST-HavanaWoodcock,TEST-TEST-HavanaWoodcock,TEST-Sault Ste. Marie Greyhounds,SK,2022-02-07
7,TEST-JavierDwyer,TEST-TEST-JavierDwyer,TEST-Niagara IceDogs,QC,2022-02-09
3,TEST-SebastianWooldridge,TEST-TEST-SebastianWooldridge,TEST-Barrie Colts,ON,2022-02-02
2,TEST-CarterTate,TEST-TEST-CarterTate,TEST-London Knights,NL,2022-01-14
1,TEST-EmelyBullock,TEST-TEST-EmelyBullock,TEST-Sarnia Sting,MB,2022-01-17
1,TEST-BryonBoyle,TEST-TEST-BryonBoyle,TEST-Sudbury Wolves,NB,2022-02-05
4,TEST-JudithRandall,TEST-TEST-JudithRandall,TEST-Sault Ste. Marie Greyhounds,SK,2022-01-06
10,TEST-AidenHarvey,TEST-TEST-AidenHarvey,TEST-Sudbury Wolves,NB,2022-01-07
7,TEST-AlanAddley,TEST-TEST-AlanAddley,TEST-Sault Ste. Marie Greyhounds,SK,2022-02-19
1,TEST-ChuckIrwin,TEST-TEST-ChuckIrwin,TEST-North Bay Battalion,NT,2022-03-01
5,TEST-ManuelSherry,TEST-TEST-ManuelSherry,TEST-Sarnia Sting,MB,2022-01-14
4,TEST-EmelySloan,TEST-TEST-EmelySloan,TEST-Sudbury Wolves,NB,2022-02-17
8,TEST-SarahRust,TEST-TEST-SarahRust,TEST-Sarnia Sting,MB,2022-03-03
7,TEST-MarkBloom,TEST-TEST-MarkBloom,TEST-Sudbury Wolves,NB,2022-01-24
5,TEST-HadleyVaughn,TEST-TEST-HadleyVaughn,TEST-London Knights,NL,2022-02-12
9,TEST-DorisYang,TEST-TEST-DorisYang,TEST-Barrie Colts,ON,2022-02-26
8,TEST-ClintDoherty,TEST-TEST-ClintDoherty,TEST-North Bay Battalion,NT,2022-02-14
2,TEST-MichaelBennett,TEST-TEST-MichaelBennett,TEST-Sault Ste. Marie Greyhounds,SK,2022-01-07
8,TEST-MartinMackenzie,TEST-TEST-MartinMackenzie,TEST-London Knights,NL,2022-02-14
10,TEST-NicholasReynolds,TEST-TEST-NicholasReynolds,TEST-Windsor Spitfires,AB,2022-02-13
8,TEST-JayleneCampbell,TEST-TEST-JayleneCampbell,TEST-North Bay Battalion,NT,2022-01-30
1,TEST-BryonPierce,TEST-TEST-BryonPierce,TEST-Hamilton Bulldogs,BC,2022-02-12
1,TEST-HadleyKnight,TEST-TEST-HadleyKnight,TEST-Oshawa Generals,AB,2022-02-13
1,TEST-BorisSwan,TEST-TEST-BorisSwan,TEST-Owen Sound Attack,NS,2022-03-02
2,TEST-DannyWilcox,TEST-TEST-DannyWilcox,TEST-Peterborough Petes,YT,2022-01-02
2,TEST-TiffanyPatel,TEST-TEST-TiffanyPatel,TEST-Owen Sound Attack,NS,2022-01-26
5,TEST-DannyForth,TEST-TEST-DannyForth,TEST-Barrie Colts,ON,2022-02-14
1,TEST-MyaAlexander,TEST-TEST-MyaAlexander,TEST-Kitchener Rangers,NS,2022-02-02
10,TEST-GilDwyer,TEST-TEST-GilDwyer,TEST-Windsor Spitfires,AB,2022-02-26
4,TEST-SydneyCartwright,TEST-TEST-SydneyCartwright,TEST-North Bay Battalion,NT,2022-02-26
1,TEST-RickBrown,TEST-TEST-RickBrown,TEST-Sudbury Wolves,NB,2022-02-28
4,TEST-KurtBloom,TEST-TEST-KurtBloom,TEST-Barrie Colts,ON,2022-01-30
10,TEST-BeatriceRiley,TEST-TEST-BeatriceRiley,TEST-Hamilton Bulldogs,BC,2022-01-20
5,TEST-RamonAnderson,TEST-TEST-RamonAnderson,TEST-Niagara IceDogs,QC,2022-01-24
8,TEST-BlakePenn,TEST-TEST-BlakePenn,TEST-London Knights,NL,2022-02-28
5,TEST-LorraineFowler,TEST-TEST-LorraineFowler,TEST-Sudbury Wolves,NB,2022-01-26
4,TEST-AngelinaEaton,TEST-TEST-AngelinaEaton,TEST-Mississauga Steelheads,MB,2022-01-22
3,TEST-MelaniaLane,TEST-TEST-MelaniaLane,TEST-Kitchener Rangers,NS,2022-02-18
8,TEST-TaraWilliams,TEST-TEST-TaraWilliams,TEST-Sarnia Sting,MB,2022-02-20
2,TEST-NateChapman,TEST-TEST-NateChapman,TEST-Guelph Storm,NU,2022-02-23
8,TEST-CarmellaKaur,TEST-TEST-CarmellaKaur,TEST-Kitchener Rangers,NS,2022-01-12
10,TEST-RoseBradshaw,TEST-TEST-RoseBradshaw,TEST-Mississauga Steelheads,MB,2022-02-12
5,TEST-AmeliaSlater,TEST-TEST-AmeliaSlater,TEST-Kitchener Rangers,NS,2022-02-19
1,TEST-BarryBrown,TEST-TEST-BarryBrown,TEST-North Bay Battalion,NT,2022-01-19
10,TEST-BridgetWade,TEST-TEST-BridgetWade,TEST-Hamilton Bulldogs,BC,2022-02-05
3,TEST-MasonEbbs,TEST-TEST-MasonEbbs,TEST-Hamilton Bulldogs,BC,2022-01-11
1,TEST-NicholasUlyatt,TEST-TEST-NicholasUlyatt,TEST-Mississauga Steelheads,MB,2022-02-16
9,TEST-LukeWhinter,TEST-TEST-LukeWhinter,TEST-Sarnia Sting,MB,2022-02-11
10,TEST-TessRose,TEST-TEST-TessRose,TEST-Oshawa Generals,AB,2022-02-01
4,TEST-RamonCarson,TEST-TEST-RamonCarson,TEST-Peterborough Petes,YT,2022-02-24
1,TEST-IsabellaStewart,TEST-TEST-IsabellaStewart,TEST-Kingston Frontenacs,PE,2022-01-17
2,TEST-AlexaWilson,TEST-TEST-AlexaWilson,TEST-Peterborough Petes,YT,2022-02-24
6,TEST-BobHolt,TEST-TEST-BobHolt,TEST-Oshawa Generals,AB,2022-02-24
9,TEST-HazelBaran,TEST-TEST-HazelBaran,TEST-Owen Sound Attack,NS,2022-02-22
6,TEST-DanielNartodisky,TEST-TEST-DanielNartodisky,TEST-Oshawa Generals,AB,2022-03-01
3,TEST-MaximilianCertortzski,TEST-TEST-MaximilianCertortzski,TEST-Kingston Frontenacs,PE,2022-01-24
